filename,width,height,class,xmin,ymin,xmax,ymax
bulk_carrier_100.jpg,640,424,bulk carrier,6,39,628,360
bulk_carrier_11.jpg,640,403,bulk carrier,182,140,448,244
bulk_carrier_111.jpg,640,403,bulk carrier,179,138,445,241
bulk_carrier_112.jpg,640,476,bulk carrier,132,132,564,334
bulk_carrier_113.jpg,640,308,bulk carrier,12,25,625,246
bulk_carrier_114.jpg,640,362,bulk carrier,27,15,625,307
bulk_carrier_115.jpg,640,410,bulk carrier,40,82,601,297
bulk_carrier_116.jpg,640,363,bulk carrier,55,98,599,255
bulk_carrier_117.jpg,640,311,bulk carrier,30,100,621,205
bulk_carrier_118.jpg,640,339,bulk carrier,55,94,558,226
bulk_carrier_119.jpg,640,426,bulk carrier,21,104,616,281
bulk_carrier_12.jpg,640,476,bulk carrier,131,135,564,337
bulk_carrier_120.jpg,640,331,bulk carrier,47,89,595,197
bulk_carrier_122.jpg,640,338,bulk carrier,80,113,612,197
bulk_carrier_123.jpg,640,413,bulk carrier,64,162,596,330
bulk_carrier_124.jpg,640,427,bulk carrier,19,125,626,237
bulk_carrier_125.jpg,640,278,bulk carrier,61,102,582,184
bulk_carrier_125.jpg,640,278,tug_boat,259,130,343,181
bulk_carrier_126.jpg,640,426,bulk carrier,20,112,627,288
bulk_carrier_127.jpg,640,363,bulk carrier,64,96,601,199
bulk_carrier_127.jpg,640,363,boat,119,111,175,200
bulk_carrier_128.jpg,640,282,tug_boat,221,150,258,187
bulk_carrier_128.jpg,640,282,bulk carrier,101,110,291,185
bulk_carrier_129.jpg,640,271,tanker,6,136,170,170
bulk_carrier_129.jpg,640,271,tanker,187,135,314,167
bulk_carrier_129.jpg,640,271,bulk carrier,493,136,622,162
bulk_carrier_129.jpg,640,271,container_ship,311,131,446,162
bulk_carrier_13.jpg,640,308,bulk carrier,14,23,624,243
bulk_carrier_130.jpg,640,360,bulk carrier,287,175,433,205
bulk_carrier_131.jpg,640,380,bulk carrier,42,86,602,263
bulk_carrier_132.jpg,640,438,bulk carrier,18,58,621,272
bulk_carrier_134.jpg,640,427,boat,17,295,49,330
bulk_carrier_134.jpg,640,427,tug_boat,119,224,226,347
bulk_carrier_134.jpg,640,427,tug_boat,533,254,587,330
bulk_carrier_134.jpg,640,427,bulk carrier,204,67,534,339
bulk_carrier_135.jpg,640,427,bulk carrier,114,80,371,309
bulk_carrier_135.jpg,640,427,tug_boat,360,174,549,315
bulk_carrier_136.jpg,640,426,bulk carrier,37,97,623,393
bulk_carrier_137.jpg,640,426,bulk carrier,22,73,609,302
bulk_carrier_138.jpg,640,380,tug_boat,542,200,626,276
bulk_carrier_138.jpg,640,380,bulk carrier,59,57,555,276
bulk_carrier_139.jpg,640,425,bulk carrier,114,82,549,354
bulk_carrier_14.jpg,640,362,bulk carrier,24,12,624,305
bulk_carrier_140.jpg,640,291,bulk carrier,95,63,555,236
bulk_carrier_141.jpg,240,128,bulk carrier,11,28,227,92
bulk_carrier_142.jpg,640,427,bulk carrier,91,111,551,297
bulk_carrier_143.jpg,640,288,bulk carrier,66,138,545,225
bulk_carrier_143.jpg,640,288,tug_boat,566,184,621,221
bulk_carrier_144.jpg,640,427,tug_boat,445,167,554,278
bulk_carrier_144.jpg,640,427,bulk carrier,33,65,612,281
bulk_carrier_145.jpg,640,480,bulk carrier,61,191,485,280
bulk_carrier_146.jpg,640,480,bulk carrier,45,202,263,252
bulk_carrier_146.jpg,640,480,bulk carrier,236,189,457,254
bulk_carrier_147.jpg,640,427,bulk carrier,56,63,587,326
bulk_carrier_148.jpg,360,640,bulk carrier,104,53,236,91
bulk_carrier_149.jpg,640,221,bulk carrier,41,97,314,138
bulk_carrier_15.jpg,640,410,bulk carrier,39,80,594,298
bulk_carrier_150.jpg,640,429,bulk carrier,315,118,543,281
bulk_carrier_151.jpg,640,427,bulk carrier,177,77,552,266
bulk_carrier_151.jpg,640,427,tug_boat,86,151,194,278
bulk_carrier_151.jpg,640,427,tug_boat,549,192,602,258
bulk_carrier_152.jpg,640,360,bulk carrier,22,28,630,242
bulk_carrier_153.jpg,640,292,bulk carrier,158,107,374,233
bulk_carrier_153.jpg,640,292,bulk carrier,380,121,555,228
bulk_carrier_154.jpg,640,434,bulk carrier,35,185,569,307
bulk_carrier_154.jpg,640,434,tug_boat,566,173,628,218
bulk_carrier_155.jpg,640,379,tug_boat,82,215,228,300
bulk_carrier_155.jpg,640,379,bulk carrier,234,89,499,303
bulk_carrier_156.jpg,640,296,bulk carrier,99,84,588,212
bulk_carrier_156.jpg,640,296,tug_boat,512,156,555,211
bulk_carrier_157.jpg,640,299,bulk carrier,15,28,623,257
bulk_carrier_158.jpg,640,480,bulk carrier,19,238,447,443
bulk_carrier_159.jpg,640,344,bulk carrier,103,130,437,273
bulk_carrier_159.jpg,640,344,bulk carrier,441,189,541,274
bulk_carrier_16.jpg,640,363,bulk carrier,52,95,598,259
bulk_carrier_160.jpg,640,427,bulk carrier,217,56,573,257
bulk_carrier_160.jpg,640,427,tug_boat,73,178,153,262
bulk_carrier_160.jpg,640,427,tug_boat,413,177,475,260
bulk_carrier_160.jpg,640,427,tug_boat,554,210,600,260
bulk_carrier_161.jpg,640,427,tug_boat,213,190,325,276
bulk_carrier_161.jpg,640,427,bulk carrier,82,135,589,270
bulk_carrier_162.jpg,640,431,tug_boat,64,214,111,262
bulk_carrier_162.jpg,640,431,boat,572,252,601,283
bulk_carrier_162.jpg,640,431,bulk carrier,90,75,530,268
bulk_carrier_163.jpg,640,301,tug_boat,289,155,360,193
bulk_carrier_163.jpg,640,301,bulk carrier,47,116,555,192
bulk_carrier_164.jpg,640,426,bulk carrier,30,100,619,273
bulk_carrier_165.jpg,640,480,bulk carrier,39,98,573,427
bulk_carrier_166.jpg,640,327,bulk carrier,14,32,615,279
bulk_carrier_167.jpg,640,256,bulk carrier,250,42,568,141
bulk_carrier_168.jpg,360,640,bulk carrier,100,52,224,87
bulk_carrier_169.jpg,640,426,bulk carrier,17,58,616,368
bulk_carrier_17.jpg,640,311,bulk carrier,29,101,619,202
bulk_carrier_170.jpg,640,426,bulk carrier,25,34,615,366
bulk_carrier_171.jpg,640,427,bulk carrier,50,72,568,351
bulk_carrier_172.jpg,640,424,bulk carrier,60,78,570,328
bulk_carrier_173.jpg,640,427,tug_boat,205,268,409,375
bulk_carrier_173.jpg,640,427,bulk carrier,197,3,527,365
bulk_carrier_174.jpg,640,427,bulk carrier,49,170,317,261
bulk_carrier_174.jpg,640,427,bulk carrier,320,206,568,254
bulk_carrier_175.jpg,640,308,bulk carrier,62,41,582,250
bulk_carrier_175.jpg,640,308,tug_boat,189,141,328,252
bulk_carrier_176.jpg,640,347,bulk carrier,23,25,628,296
bulk_carrier_177.jpg,640,360,bulk carrier,97,101,612,297
bulk_carrier_178.jpg,640,427,bulk carrier,122,139,594,307
bulk_carrier_179.jpg,640,426,bulk carrier,225,112,566,287
bulk_carrier_179.jpg,640,426,boat,47,235,71,266
bulk_carrier_179.jpg,640,426,boat,583,249,605,283
bulk_carrier_18.jpg,640,339,bulk carrier,54,93,562,226
bulk_carrier_180.jpg,640,427,bulk carrier,70,148,609,267
bulk_carrier_181.jpg,640,425,bulk carrier,82,158,508,353
bulk_carrier_181.jpg,640,425,tug_boat,241,297,367,361
bulk_carrier_181.jpg,640,425,tug_boat,509,303,558,354
bulk_carrier_182.jpg,640,318,tug_boat,20,201,55,230
bulk_carrier_182.jpg,640,318,tug_boat,570,202,619,237
bulk_carrier_182.jpg,640,318,bulk carrier,152,136,524,238
bulk_carrier_183.jpg,640,425,bulk carrier,116,113,509,373
bulk_carrier_184.jpg,640,426,bulk carrier,12,138,620,255
bulk_carrier_185.jpg,640,261,bulk carrier,235,100,333,137
bulk_carrier_186.jpg,640,427,bulk carrier,20,99,627,345
bulk_carrier_187.jpg,640,376,bulk carrier,21,149,608,319
bulk_carrier_188.jpg,640,427,tug_boat,71,224,191,341
bulk_carrier_188.jpg,640,427,tug_boat,525,231,576,331
bulk_carrier_188.jpg,640,427,bulk carrier,172,53,531,334
bulk_carrier_189.jpg,640,417,bulk carrier,57,70,430,263
bulk_carrier_189.jpg,640,417,tug_boat,416,160,600,275
bulk_carrier_19.jpg,640,426,bulk carrier,23,100,622,282
bulk_carrier_190.jpg,640,304,bulk carrier,207,22,578,251
bulk_carrier_190.jpg,640,304,tug_boat,479,161,575,257
bulk_carrier_191.jpg,640,427,tug_boat,63,173,124,228
bulk_carrier_191.jpg,640,427,tug_boat,188,168,284,238
bulk_carrier_191.jpg,640,427,tug_boat,468,150,606,250
bulk_carrier_191.jpg,640,427,bulk carrier,112,121,467,240
bulk_carrier_192.jpg,640,360,bulk carrier,106,131,539,235
bulk_carrier_193.jpg,640,426,boat,83,198,177,407
bulk_carrier_193.jpg,640,426,tug_boat,437,243,583,375
bulk_carrier_193.jpg,640,426,bulk carrier,84,53,544,360
bulk_carrier_194.jpg,640,359,tug_boat,103,227,267,302
bulk_carrier_194.jpg,640,359,bulk carrier,277,162,566,294
bulk_carrier_195.jpg,640,426,tug_boat,54,233,106,305
bulk_carrier_195.jpg,640,426,tug_boat,126,213,437,338
bulk_carrier_195.jpg,640,426,bulk carrier,102,86,551,332
bulk_carrier_196.jpg,640,427,bulk carrier,76,244,133,262
bulk_carrier_196.jpg,640,427,bulk carrier,136,246,223,264
bulk_carrier_196.jpg,640,427,bulk carrier,387,250,424,265
bulk_carrier_196.jpg,640,427,bulk carrier,423,245,498,267
bulk_carrier_197.jpg,640,270,bulk carrier,40,134,579,230
bulk_carrier_198.jpg,640,427,bulk carrier,19,72,615,290
bulk_carrier_199.jpg,640,438,bulk carrier,56,202,627,320
bulk_carrier_20.jpg,640,331,bulk carrier,47,85,598,198
bulk_carrier_200.jpg,640,424,bulk carrier,8,42,627,357
bulk_carrier_21.jpg,640,345,bulk carrier,21,46,621,270
bulk_carrier_22.jpg,640,338,bulk carrier,80,112,621,198
bulk_carrier_23.jpg,640,413,bulk carrier,59,183,603,330
bulk_carrier_24.jpg,640,427,bulk carrier,19,128,630,241
bulk_carrier_25.jpg,640,278,bulk carrier,60,102,573,186
bulk_carrier_25.jpg,640,278,tug_boat,261,135,339,184
bulk_carrier_26.jpg,640,426,bulk carrier,18,107,619,284
bulk_carrier_27.jpg,640,363,bulk carrier,65,99,600,194
bulk_carrier_27.jpg,640,363,boat,118,173,175,197
bulk_carrier_28.jpg,640,282,bulk carrier,104,112,286,189
bulk_carrier_28.jpg,640,282,bulk carrier,369,25,491,198
bulk_carrier_28.jpg,640,282,tug_boat,221,158,255,189
bulk_carrier_29.jpg,640,271,bulk carrier,493,132,618,163
bulk_carrier_29.jpg,640,271,bulk carrier,185,143,313,165
bulk_carrier_29.jpg,640,271,container_ship,315,137,449,162
bulk_carrier_29.jpg,640,271,bulk carrier,11,135,170,167
bulk_carrier_30.jpg,640,360,bulk carrier,216,176,429,203
bulk_carrier_31.jpg,640,380,bulk carrier,42,89,605,262
bulk_carrier_32.jpg,640,438,bulk carrier,17,59,617,272
bulk_carrier_33.jpg,640,435,bulk carrier,34,110,624,294
bulk_carrier_34.jpg,640,427,bulk carrier,198,64,533,337
bulk_carrier_34.jpg,640,427,tug_boat,116,226,201,348
bulk_carrier_34.jpg,640,427,tug_boat,536,260,584,329
bulk_carrier_34.jpg,640,427,fishing_boat,15,294,47,332
bulk_carrier_35.jpg,640,427,bulk carrier,111,77,366,306
bulk_carrier_35.jpg,640,427,tug_boat,357,178,554,318
bulk_carrier_36.jpg,640,426,bulk carrier,38,103,618,386
bulk_carrier_37.jpg,640,426,bulk carrier,22,74,616,305
bulk_carrier_38.jpg,640,380,bulk carrier,57,68,563,276
bulk_carrier_38.jpg,640,380,tug_boat,543,195,622,273
bulk_carrier_39.jpg,640,425,bulk carrier,113,80,550,359
bulk_carrier_40.jpg,640,291,bulk carrier,98,69,551,227
bulk_carrier_41.jpg,240,128,bulk carrier,12,52,221,91
bulk_carrier_42.jpg,640,427,bulk carrier,94,94,545,295
bulk_carrier_43.jpg,640,288,bulk carrier,70,141,515,221
bulk_carrier_43.jpg,640,288,tug_boat,500,183,543,222
bulk_carrier_43.jpg,640,288,tug_boat,564,187,619,215
bulk_carrier_44.jpg,640,427,bulk carrier,37,61,600,280
bulk_carrier_44.jpg,640,427,tug_boat,449,189,555,278
bulk_carrier_45.jpg,640,480,bulk carrier,64,194,481,282
bulk_carrier_46.jpg,640,480,bulk carrier,234,192,457,252
bulk_carrier_46.jpg,640,480,bulk carrier,44,199,265,249
bulk_carrier_46.jpg,640,480,boat,40,224,52,255
bulk_carrier_47.jpg,640,427,bulk carrier,58,65,584,324
bulk_carrier_48.jpg,640,426,bulk carrier,107,87,604,303
bulk_carrier_49.jpg,640,221,bulk carrier,46,95,308,138
bulk_carrier_50.jpg,640,429,bulk carrier,314,85,547,293
bulk_carrier_51.jpg,640,427,bulk carrier,184,71,556,265
bulk_carrier_51.jpg,640,427,tug_boat,89,164,188,268
bulk_carrier_51.jpg,640,427,tug_boat,548,194,599,259
bulk_carrier_52.jpg,640,360,bulk carrier,23,15,632,241
bulk_carrier_53.jpg,640,292,bulk carrier,170,117,377,228
bulk_carrier_53.jpg,640,292,bulk carrier,381,135,557,227
bulk_carrier_54.jpg,640,434,bulk carrier,37,186,575,303
bulk_carrier_54.jpg,640,434,tug_boat,566,178,630,220
bulk_carrier_55.jpg,640,379,tug_boat,84,207,230,295
bulk_carrier_55.jpg,640,379,bulk carrier,232,80,501,299
bulk_carrier_56.jpg,640,296,bulk carrier,103,79,586,203
bulk_carrier_56.jpg,640,296,tug_boat,515,161,556,206
bulk_carrier_57.jpg,640,299,bulk carrier,19,25,621,253
bulk_carrier_58.jpg,640,480,bulk carrier,25,239,447,442
bulk_carrier_59.jpg,640,344,bulk carrier,118,133,436,277
bulk_carrier_59.jpg,640,344,bulk carrier,439,193,538,269
bulk_carrier_60.jpg,640,427,tug_boat,79,180,159,262
bulk_carrier_60.jpg,640,427,tug_boat,414,194,471,256
bulk_carrier_60.jpg,640,427,tug_boat,552,200,603,254
bulk_carrier_60.jpg,640,427,bulk carrier,217,59,569,260
bulk_carrier_61.jpg,640,427,bulk carrier,85,139,588,271
bulk_carrier_61.jpg,640,427,tug_boat,225,188,332,268
bulk_carrier_62.jpg,640,431,tug_boat,61,212,108,271
bulk_carrier_62.jpg,640,431,boat,573,258,604,284
bulk_carrier_62.jpg,640,431,bulk carrier,94,72,520,264
bulk_carrier_63.jpg,640,301,bulk carrier,48,118,553,189
bulk_carrier_63.jpg,640,301,tug_boat,290,152,355,186
bulk_carrier_64.jpg,640,426,bulk carrier,32,106,626,273
bulk_carrier_65.jpg,640,480,bulk carrier,36,87,585,424
bulk_carrier_66.jpg,640,327,bulk carrier,15,23,616,264
bulk_carrier_67.jpg,640,256,bulk carrier,249,53,570,136
bulk_carrier_68.jpg,360,640,bulk carrier,103,55,231,95
bulk_carrier_69.jpg,640,426,bulk carrier,22,68,628,366
bulk_carrier_70.jpg,640,426,bulk carrier,22,24,617,362
bulk_carrier_71.jpg,640,427,bulk carrier,54,72,564,346
bulk_carrier_72.jpg,640,424,bulk carrier,56,91,565,322
bulk_carrier_73.jpg,640,427,bulk carrier,101,274,181,326
bulk_carrier_73.jpg,640,427,bulk carrier,199,18,528,368
bulk_carrier_73.jpg,640,427,tug_boat,207,251,403,377
bulk_carrier_74.jpg,640,427,bulk carrier,53,175,333,259
bulk_carrier_74.jpg,640,427,bulk carrier,320,206,568,251
bulk_carrier_75.jpg,640,308,bulk carrier,61,45,586,252
bulk_carrier_75.jpg,640,308,tug_boat,194,150,326,248
bulk_carrier_76.jpg,640,347,bulk carrier,20,33,625,294
bulk_carrier_77.jpg,640,360,bulk carrier,98,113,608,287
bulk_carrier_78.jpg,640,427,bulk carrier,125,137,597,304
bulk_carrier_79.jpg,640,426,bulk carrier,227,115,564,286
bulk_carrier_79.jpg,640,426,boat,47,233,79,267
bulk_carrier_79.jpg,640,426,boat,587,247,611,284
bulk_carrier_80.jpg,640,427,bulk carrier,74,150,608,274
bulk_carrier_81.jpg,640,425,bulk carrier,81,147,516,354
bulk_carrier_81.jpg,640,425,tug_boat,241,301,369,365
bulk_carrier_81.jpg,640,425,tug_boat,512,295,559,348
bulk_carrier_82.jpg,640,318,tug_boat,18,204,57,233
bulk_carrier_82.jpg,640,318,tug_boat,572,206,620,229
bulk_carrier_82.jpg,640,318,bulk carrier,155,131,520,231
bulk_carrier_83.jpg,640,425,bulk carrier,117,111,507,369
bulk_carrier_84.jpg,640,426,bulk carrier,10,141,618,253
bulk_carrier_85.jpg,640,261,bulk carrier,235,103,341,140
bulk_carrier_86.jpg,640,427,bulk carrier,14,121,624,337
bulk_carrier_87.jpg,640,376,bulk carrier,30,149,606,332
bulk_carrier_88.jpg,640,427,bulk carrier,168,58,530,339
bulk_carrier_88.jpg,640,427,tug_boat,68,222,187,342
bulk_carrier_88.jpg,640,427,tug_boat,526,234,575,327
bulk_carrier_89.jpg,640,417,bulk carrier,58,72,430,265
bulk_carrier_89.jpg,640,417,tug_boat,419,163,599,274
bulk_carrier_90.jpg,640,304,bulk carrier,202,20,577,256
bulk_carrier_90.jpg,640,304,tug_boat,479,167,572,254
bulk_carrier_91.jpg,640,427,bulk carrier,116,124,465,242
bulk_carrier_91.jpg,640,427,tug_boat,67,170,135,233
bulk_carrier_91.jpg,640,427,tug_boat,189,176,286,234
bulk_carrier_91.jpg,640,427,tug_boat,468,151,614,250
bulk_carrier_92.jpg,640,360,bulk carrier,107,134,545,230
bulk_carrier_93.jpg,640,426,bulk carrier,85,48,543,360
bulk_carrier_93.jpg,640,426,boat,84,193,177,413
bulk_carrier_93.jpg,640,426,tug_boat,441,233,590,377
bulk_carrier_94.jpg,640,359,tug_boat,100,214,266,310
bulk_carrier_94.jpg,640,359,bulk carrier,276,160,559,301
bulk_carrier_95.jpg,640,426,bulk carrier,103,130,547,336
bulk_carrier_95.jpg,640,426,tug_boat,50,238,107,306
bulk_carrier_95.jpg,640,426,tug_boat,123,231,423,335
bulk_carrier_96.jpg,640,427,bulk carrier,76,249,139,262
bulk_carrier_96.jpg,640,427,bulk carrier,134,247,221,266
bulk_carrier_96.jpg,640,427,bulk carrier,389,251,424,266
bulk_carrier_96.jpg,640,427,bulk carrier,425,244,498,263
bulk_carrier_97.jpg,640,270,bulk carrier,53,136,578,230
bulk_carrier_98.jpg,640,427,bulk carrier,18,82,616,292
bulk_carrier_99.jpg,640,438,bulk carrier,64,202,600,327
container_ship_100.jpg,640,426,container_ship,254,186,391,285
container_ship_100.jpg,640,426,tug_boat,436,215,452,224
container_ship_100.jpg,640,426,cruise_ship,476,184,541,238
container_ship_11.jpg,640,427,tug_boat,68,276,168,352
container_ship_11.jpg,640,427,container_ship,210,59,523,308
container_ship_11.jpg,640,427,boat,255,84,269,100
container_ship_111.jpg,640,427,tug_boat,69,275,165,351
container_ship_111.jpg,640,427,container_ship,209,54,527,310
container_ship_113.jpg,640,480,container_ship,77,137,552,418
container_ship_113.jpg,640,480,boat,573,375,630,404
container_ship_114.jpg,640,480,container_ship,16,164,620,378
container_ship_115.jpg,640,480,tug_boat,38,230,66,264
container_ship_115.jpg,640,480,container_ship,78,153,569,271
container_ship_116.jpg,640,426,container_ship,74,132,599,269
container_ship_117.jpg,640,427,container_ship,80,109,575,296
container_ship_118.jpg,640,427,container_ship,121,56,538,337
container_ship_119.jpg,640,267,container_ship,113,44,519,142
container_ship_12.jpg,640,427,container_ship,133,20,524,392
container_ship_120.jpg,640,480,container_ship,160,133,531,329
container_ship_121.jpg,640,480,tug_boat,86,294,159,339
container_ship_121.jpg,640,480,container_ship,39,67,639,375
container_ship_122.jpg,640,427,container_ship,52,150,595,320
container_ship_123.jpg,640,427,container_ship,81,143,550,278
container_ship_123.jpg,640,427,tug_boat,548,198,584,235
container_ship_124.jpg,640,286,container_ship,48,95,519,189
container_ship_125.jpg,640,427,container_ship,49,132,561,315
container_ship_126.jpg,640,363,container_ship,26,98,563,180
container_ship_127.jpg,640,354,container_ship,46,51,593,250
container_ship_128.jpg,640,399,container_ship,24,33,609,342
container_ship_129.jpg,640,474,container_ship,8,70,622,456
container_ship_13.jpg,640,480,container_ship,76,134,557,418
container_ship_13.jpg,640,480,boat,572,380,629,397
container_ship_130.jpg,640,480,container_ship,22,217,631,341
container_ship_131.jpg,640,481,container_ship,15,100,622,409
container_ship_131.jpg,640,481,boat,393,392,503,412
container_ship_132.jpg,640,427,container_ship,10,34,582,407
container_ship_133.jpg,640,427,container_ship,182,60,612,353
container_ship_133.jpg,640,427,tug_boat,75,223,119,281
container_ship_133.jpg,640,427,tug_boat,168,259,273,336
container_ship_133.jpg,640,427,tug_boat,44,299,178,384
container_ship_134.jpg,640,427,tug_boat,19,245,87,291
container_ship_134.jpg,640,427,container_ship,104,101,609,291
container_ship_135.jpg,640,427,tug_boat,32,280,109,328
container_ship_135.jpg,640,427,tug_boat,498,295,598,347
container_ship_135.jpg,640,427,container_ship,40,126,364,352
container_ship_136.jpg,640,344,container_ship,7,127,608,296
container_ship_136.jpg,640,344,tug_boat,588,249,634,291
container_ship_137.jpg,640,427,container_ship,121,235,222,350
container_ship_137.jpg,640,427,container_ship,224,120,514,350
container_ship_137.jpg,640,427,tug_boat,149,313,180,352
container_ship_137.jpg,640,427,tug_boat,280,295,334,354
container_ship_138.jpg,640,427,tug_boat,252,324,357,412
container_ship_138.jpg,640,427,container_ship,155,64,500,417
container_ship_139.jpg,640,427,container_ship,179,288,515,392
container_ship_139.jpg,640,427,tug_boat,569,363,634,392
container_ship_139.jpg,640,427,boat,345,372,395,394
container_ship_14.jpg,640,480,container_ship,22,163,622,375
container_ship_140.jpg,640,390,container_ship,13,138,550,319
container_ship_140.jpg,640,390,container_ship,549,231,615,315
container_ship_141.jpg,640,427,tug_boat,48,271,245,380
container_ship_141.jpg,640,427,container_ship,96,58,626,388
container_ship_142.jpg,640,480,container_ship,75,115,617,468
container_ship_143.jpg,640,429,tug_boat,365,229,492,389
container_ship_143.jpg,640,429,container_ship,23,59,464,384
container_ship_144.jpg,640,475,container_ship,118,114,601,370
container_ship_145.jpg,640,480,container_ship,33,156,596,316
container_ship_146.jpg,640,480,container_ship,33,147,571,276
container_ship_147.jpg,640,427,container_ship,52,110,562,272
container_ship_148.jpg,640,427,tug_boat,95,271,287,355
container_ship_148.jpg,640,427,container_ship,109,45,570,346
container_ship_149.jpg,640,349,tug_boat,10,191,53,220
container_ship_149.jpg,640,349,tug_boat,70,192,184,272
container_ship_149.jpg,640,349,container_ship,26,53,612,264
container_ship_15.jpg,640,480,container_ship,79,160,567,276
container_ship_15.jpg,640,480,tug_boat,40,229,71,270
container_ship_150.jpg,640,427,tug_boat,64,258,248,345
container_ship_150.jpg,640,427,container_ship,194,38,606,354
container_ship_151.jpg,640,475,container_ship,22,2,620,467
container_ship_152.jpg,640,348,container_ship,42,135,595,235
container_ship_152.jpg,640,348,tug_boat,609,204,639,238
container_ship_153.jpg,640,351,container_ship,62,99,393,285
container_ship_154.jpg,640,416,container_ship,28,112,625,376
container_ship_155.jpg,640,427,container_ship,108,79,509,338
container_ship_156.jpg,640,438,container_ship,107,116,598,317
container_ship_157.jpg,640,309,container_ship,7,102,606,218
container_ship_158.jpg,640,399,tug_boat,164,158,396,356
container_ship_158.jpg,640,399,tug_boat,423,210,546,338
container_ship_158.jpg,640,399,container_ship,98,114,504,323
container_ship_159.jpg,640,428,container_ship,32,66,602,384
container_ship_16.jpg,640,426,container_ship,73,131,599,267
container_ship_160.jpg,640,533,container_ship,44,112,564,444
container_ship_161.jpg,640,480,container_ship,280,67,487,369
container_ship_162.jpg,640,480,container_ship,67,212,601,432
container_ship_163.jpg,640,389,container_ship,48,127,596,272
container_ship_164.jpg,640,427,container_ship,36,94,619,305
container_ship_165.jpg,640,312,container_ship,64,132,560,276
container_ship_166.jpg,640,306,container_ship,43,11,512,257
container_ship_167.jpg,640,426,container_ship,88,206,210,264
container_ship_167.jpg,640,426,container_ship,204,172,585,285
container_ship_168.jpg,640,427,container_ship,93,178,505,265
container_ship_169.jpg,640,427,container_ship,63,114,594,324
container_ship_17.jpg,640,427,container_ship,79,115,576,295
container_ship_170.jpg,640,427,container_ship,82,195,471,283
container_ship_170.jpg,640,427,tug_boat,313,258,351,285
container_ship_170.jpg,640,427,boat,280,347,306,366
container_ship_170.jpg,640,427,tug_boat,9,238,36,253
container_ship_170.jpg,640,427,tug_boat,13,252,48,265
container_ship_170.jpg,640,427,tug_boat,11,273,37,294
container_ship_170.jpg,640,427,boat,119,158,162,174
container_ship_170.jpg,640,427,tug_boat,595,192,622,217
container_ship_170.jpg,640,427,boat,115,117,165,138
container_ship_171.jpg,640,480,container_ship,94,106,559,420
container_ship_172.jpg,640,480,tug_boat,87,303,184,361
container_ship_172.jpg,640,480,tug_boat,187,298,326,359
container_ship_172.jpg,640,480,tug_boat,356,283,477,368
container_ship_172.jpg,640,480,container_ship,131,178,324,336
container_ship_172.jpg,640,480,container_ship,260,105,599,363
container_ship_173.jpg,640,382,container_ship,35,240,78,260
container_ship_173.jpg,640,382,container_ship,125,237,153,260
container_ship_173.jpg,640,382,container_ship,155,237,200,258
container_ship_173.jpg,640,382,container_ship,202,234,240,256
container_ship_173.jpg,640,382,container_ship,248,225,366,258
container_ship_173.jpg,640,382,container_ship,449,214,624,259
container_ship_174.jpg,640,388,bulk carrier,15,250,185,289
container_ship_174.jpg,640,388,container_ship,298,248,422,287
container_ship_174.jpg,640,388,container_ship,428,263,489,286
container_ship_174.jpg,640,388,container_ship,493,273,516,284
container_ship_174.jpg,640,388,container_ship,560,272,585,284
container_ship_175.jpg,640,431,container_ship,109,35,580,324
container_ship_176.jpg,240,180,container_ship,13,100,102,155
container_ship_176.jpg,240,180,tanker,119,90,226,157
container_ship_177.jpg,640,379,container_ship,23,151,620,261
container_ship_178.jpg,640,382,tug_boat,22,221,80,288
container_ship_178.jpg,640,382,tug_boat,266,217,358,294
container_ship_178.jpg,640,382,tug_boat,353,246,408,277
container_ship_178.jpg,640,382,tug_boat,443,249,505,273
container_ship_178.jpg,640,382,container_ship,73,131,289,292
container_ship_178.jpg,640,382,container_ship,365,185,616,273
container_ship_179.jpg,640,480,tug_boat,192,249,259,298
container_ship_179.jpg,640,480,tug_boat,3,263,21,285
container_ship_179.jpg,640,480,tug_boat,29,263,47,284
container_ship_179.jpg,640,480,container_ship,50,179,592,303
container_ship_18.jpg,640,427,container_ship,120,55,536,339
container_ship_180.jpg,640,480,tug_boat,360,253,454,410
container_ship_180.jpg,640,480,container_ship,122,255,313,375
container_ship_181.jpg,640,480,container_ship,50,193,604,415
container_ship_182.jpg,640,426,container_ship,255,217,594,311
container_ship_183.jpg,640,473,container_ship,192,339,471,398
container_ship_184.jpg,640,427,container_ship,39,95,600,335
container_ship_185.jpg,640,271,tanker,9,139,167,169
container_ship_185.jpg,640,271,tanker,184,140,310,165
container_ship_185.jpg,640,271,container_ship,310,136,448,163
container_ship_185.jpg,640,271,bulk carrier,489,135,620,160
container_ship_186.jpg,640,237,container_ship,33,131,102,165
container_ship_186.jpg,640,237,bulk carrier,277,133,335,162
container_ship_186.jpg,640,237,tug_boat,379,143,409,160
container_ship_186.jpg,640,237,bulk carrier,539,123,595,157
container_ship_187.jpg,640,426,container_ship,84,56,532,402
container_ship_188.jpg,640,480,container_ship,63,145,593,279
container_ship_189.jpg,640,480,container_ship,65,161,578,302
container_ship_19.jpg,640,267,container_ship,114,51,517,144
container_ship_190.jpg,640,480,container_ship,58,173,580,325
container_ship_191.jpg,640,480,container_ship,75,113,504,356
container_ship_192.jpg,640,480,container_ship,73,168,567,459
container_ship_193.jpg,640,480,container_ship,13,190,629,361
container_ship_194.jpg,640,396,tug_boat,67,292,255,369
container_ship_194.jpg,640,396,container_ship,250,36,568,370
container_ship_195.jpg,640,427,tug_boat,219,235,264,265
container_ship_195.jpg,640,427,container_ship,210,171,447,260
container_ship_196.jpg,640,480,tug_boat,21,329,135,434
container_ship_196.jpg,640,480,tug_boat,589,379,625,408
container_ship_196.jpg,640,480,container_ship,101,178,597,413
container_ship_197.jpg,640,158,container_ship,23,91,272,137
container_ship_197.jpg,640,158,container_ship,357,102,558,134
container_ship_198.jpg,640,230,tug_boat,6,128,36,142
container_ship_198.jpg,640,230,tug_boat,317,129,360,144
container_ship_198.jpg,640,230,bulk carrier,82,100,267,144
container_ship_198.jpg,640,230,container_ship,272,112,421,138
container_ship_198.jpg,640,230,container_ship,468,113,602,141
container_ship_199.jpg,640,308,container_ship,72,146,601,267
container_ship_20.jpg,640,480,container_ship,166,140,534,333
container_ship_200.jpg,640,426,container_ship,251,188,394,285
container_ship_200.jpg,640,426,tug_boat,433,209,453,232
container_ship_200.jpg,640,426,cruise_ship,480,176,534,233
container_ship_21.jpg,640,480,container_ship,45,69,637,376
container_ship_21.jpg,640,480,tug_boat,83,300,160,338
container_ship_22.jpg,640,427,container_ship,58,153,592,321
container_ship_23.jpg,640,427,container_ship,78,143,544,274
container_ship_23.jpg,640,427,tug_boat,545,200,585,233
container_ship_23.jpg,640,427,boat,481,118,499,130
container_ship_23.jpg,640,427,boat,466,132,488,143
container_ship_23.jpg,640,427,boat,367,119,382,138
container_ship_23.jpg,640,427,boat,190,125,202,133
container_ship_24.jpg,640,286,container_ship,53,92,517,186
container_ship_25.jpg,640,427,container_ship,53,136,559,312
container_ship_26.jpg,640,363,container_ship,25,103,565,176
container_ship_27.jpg,640,354,container_ship,47,54,588,252
container_ship_28.jpg,640,399,container_ship,27,38,606,349
container_ship_29.jpg,640,474,container_ship,11,83,614,455
container_ship_30.jpg,640,480,container_ship,23,221,622,340
container_ship_31.jpg,640,481,container_ship,15,79,618,410
container_ship_32.jpg,640,427,container_ship,11,37,583,405
container_ship_33.jpg,640,427,container_ship,184,68,609,353
container_ship_33.jpg,640,427,tug_boat,78,229,124,282
container_ship_33.jpg,640,427,tug_boat,170,269,278,331
container_ship_33.jpg,640,427,tug_boat,45,299,172,386
container_ship_34.jpg,640,427,tug_boat,19,234,88,297
container_ship_34.jpg,640,427,tug_boat,561,266,612,285
container_ship_34.jpg,640,427,container_ship,103,104,606,285
container_ship_35.jpg,640,427,container_ship,38,133,363,351
container_ship_35.jpg,640,427,tug_boat,34,279,111,327
container_ship_35.jpg,640,427,tug_boat,501,301,598,349
container_ship_36.jpg,640,344,container_ship,5,134,610,290
container_ship_36.jpg,640,344,tug_boat,591,252,637,291
container_ship_37.jpg,640,427,container_ship,221,122,516,352
container_ship_37.jpg,640,427,container_ship,121,231,223,353
container_ship_37.jpg,640,427,tug_boat,150,318,187,355
container_ship_37.jpg,640,427,tug_boat,273,296,338,351
container_ship_38.jpg,640,427,container_ship,156,64,501,410
container_ship_38.jpg,640,427,tug_boat,256,318,356,411
container_ship_39.jpg,640,427,container_ship,179,291,516,385
container_ship_39.jpg,640,427,boat,354,375,395,395
container_ship_39.jpg,640,427,tug_boat,575,362,631,390
container_ship_40.jpg,640,390,container_ship,16,145,549,323
container_ship_40.jpg,640,390,container_ship,548,241,615,315
container_ship_41.jpg,640,427,container_ship,94,58,626,378
container_ship_41.jpg,640,427,tug_boat,47,270,245,380
container_ship_42.jpg,640,480,container_ship,74,115,615,467
container_ship_43.jpg,640,429,container_ship,20,55,466,380
container_ship_43.jpg,640,429,tug_boat,350,226,489,387
container_ship_44.jpg,640,475,container_ship,116,116,597,371
container_ship_44.jpg,640,475,container_ship,68,289,144,359
container_ship_45.jpg,640,480,container_ship,45,158,603,304
container_ship_46.jpg,640,480,container_ship,32,140,565,273
container_ship_47.jpg,640,427,container_ship,55,121,564,266
container_ship_48.jpg,640,427,container_ship,111,40,568,358
container_ship_48.jpg,640,427,tug_boat,91,278,291,355
container_ship_49.jpg,640,349,container_ship,28,55,615,266
container_ship_49.jpg,640,349,tug_boat,70,192,184,270
container_ship_49.jpg,640,349,tug_boat,16,196,52,220
container_ship_50.jpg,640,427,container_ship,196,41,610,355
container_ship_50.jpg,640,427,tug_boat,59,256,250,342
container_ship_51.jpg,640,475,container_ship,26,4,614,468
container_ship_52.jpg,640,348,container_ship,40,139,596,232
container_ship_52.jpg,640,348,tug_boat,609,207,637,236
container_ship_53.jpg,640,351,container_ship,62,97,391,282
container_ship_54.jpg,640,416,container_ship,28,156,626,379
container_ship_55.jpg,640,427,container_ship,107,79,502,339
container_ship_56.jpg,640,438,container_ship,105,110,596,316
container_ship_57.jpg,640,309,container_ship,9,103,609,217
container_ship_58.jpg,640,399,container_ship,112,133,494,330
container_ship_58.jpg,640,399,tug_boat,425,233,532,334
container_ship_58.jpg,640,399,tug_boat,163,227,393,355
container_ship_59.jpg,640,428,container_ship,8,62,623,381
container_ship_60.jpg,640,533,container_ship,44,116,554,439
container_ship_61.jpg,640,480,container_ship,271,66,491,366
container_ship_62.jpg,640,480,container_ship,67,203,601,428
container_ship_63.jpg,640,389,container_ship,54,127,592,275
container_ship_64.jpg,640,427,container_ship,32,89,618,299
container_ship_65.jpg,640,312,container_ship,67,140,560,275
container_ship_66.jpg,640,306,container_ship,47,17,512,260
container_ship_67.jpg,640,426,container_ship,93,202,209,266
container_ship_67.jpg,640,426,container_ship,208,175,582,269
container_ship_68.jpg,640,427,container_ship,96,180,509,264
container_ship_69.jpg,640,427,container_ship,60,106,587,322
container_ship_70.jpg,640,427,container_ship,93,194,476,286
container_ship_70.jpg,640,427,container_ship,271,187,541,248
container_ship_70.jpg,640,427,tug_boat,589,192,623,213
container_ship_70.jpg,640,427,tug_boat,317,257,348,279
container_ship_70.jpg,640,427,tug_boat,8,239,35,253
container_ship_70.jpg,640,427,tug_boat,15,249,47,267
container_ship_70.jpg,640,427,tug_boat,7,274,41,296
container_ship_70.jpg,640,427,boat,285,345,305,369
container_ship_70.jpg,640,427,boat,207,148,221,157
container_ship_70.jpg,640,427,boat,117,118,167,135
container_ship_70.jpg,640,427,bulk carrier,48,42,117,71
container_ship_71.jpg,640,480,container_ship,95,112,561,425
container_ship_72.jpg,640,480,container_ship,134,187,325,340
container_ship_72.jpg,640,480,container_ship,265,104,600,362
container_ship_72.jpg,640,480,tug_boat,91,308,185,356
container_ship_72.jpg,640,480,tug_boat,186,306,330,358
container_ship_72.jpg,640,480,tug_boat,355,275,471,358
container_ship_73.jpg,640,382,container_ship,247,226,374,258
container_ship_73.jpg,640,382,container_ship,450,211,625,262
container_ship_73.jpg,640,382,container_ship,152,236,203,258
container_ship_73.jpg,640,382,container_ship,36,239,79,256
container_ship_73.jpg,640,382,container_ship,127,239,149,257
container_ship_73.jpg,640,382,container_ship,210,236,245,260
container_ship_74.jpg,640,388,bulk carrier,16,238,187,286
container_ship_74.jpg,640,388,container_ship,299,252,420,286
container_ship_74.jpg,640,388,container_ship,428,260,494,287
container_ship_75.jpg,640,431,container_ship,110,41,579,332
container_ship_76.jpg,240,180,container_ship,14,100,103,153
container_ship_76.jpg,240,180,tanker,119,90,225,157
container_ship_77.jpg,640,379,container_ship,24,155,613,256
container_ship_78.jpg,640,382,container_ship,75,127,287,293
container_ship_78.jpg,640,382,container_ship,389,188,611,268
container_ship_78.jpg,640,382,tug_boat,24,218,81,289
container_ship_78.jpg,640,382,tug_boat,269,223,356,291
container_ship_78.jpg,640,382,tug_boat,440,242,496,273
container_ship_78.jpg,640,382,tug_boat,351,245,412,278
container_ship_79.jpg,640,480,container_ship,55,175,592,297
container_ship_79.jpg,640,480,tug_boat,197,248,257,291
container_ship_79.jpg,640,480,tug_boat,2,262,26,283
container_ship_79.jpg,640,480,tug_boat,28,264,45,281
container_ship_80.jpg,640,480,container_ship,123,253,317,382
container_ship_80.jpg,640,480,tug_boat,361,254,466,412
container_ship_81.jpg,640,480,container_ship,55,190,599,417
container_ship_82.jpg,640,426,container_ship,261,223,596,301
container_ship_83.jpg,640,473,container_ship,187,341,460,398
container_ship_84.jpg,640,427,container_ship,38,92,602,336
container_ship_85.jpg,640,271,container_ship,310,138,450,161
container_ship_85.jpg,640,271,bulk carrier,494,137,625,166
container_ship_85.jpg,640,271,tanker,188,139,309,169
container_ship_85.jpg,640,271,tanker,9,130,173,169
container_ship_86.jpg,640,237,container_ship,35,132,105,166
container_ship_86.jpg,640,237,bulk carrier,278,134,336,162
container_ship_86.jpg,640,237,tug_boat,377,145,406,161
container_ship_86.jpg,640,237,bulk carrier,533,123,592,157
container_ship_87.jpg,640,426,container_ship,80,48,536,400
container_ship_88.jpg,640,480,container_ship,67,140,590,274
container_ship_89.jpg,640,480,container_ship,83,168,576,301
container_ship_90.jpg,640,480,container_ship,62,178,579,324
container_ship_91.jpg,640,480,container_ship,69,94,505,339
container_ship_92.jpg,640,480,container_ship,70,171,563,453
container_ship_93.jpg,640,480,container_ship,11,188,629,366
container_ship_94.jpg,640,396,container_ship,256,25,572,378
container_ship_94.jpg,640,396,tug_boat,66,267,254,369
container_ship_95.jpg,640,427,container_ship,214,175,449,258
container_ship_95.jpg,640,427,tug_boat,219,234,268,264
container_ship_96.jpg,640,480,container_ship,102,186,608,413
container_ship_96.jpg,640,480,tug_boat,18,331,136,436
container_ship_96.jpg,640,480,tug_boat,590,381,624,412
container_ship_97.jpg,640,158,container_ship,25,89,275,137
container_ship_97.jpg,640,158,container_ship,359,97,550,136
container_ship_98.jpg,640,230,bulk carrier,81,105,273,143
container_ship_98.jpg,640,230,container_ship,469,114,588,136
container_ship_98.jpg,640,230,container_ship,269,111,416,140
container_ship_98.jpg,640,230,tug_boat,5,126,34,144
container_ship_98.jpg,640,230,tug_boat,316,126,360,145
container_ship_99.jpg,640,308,container_ship,60,164,599,270
cruise_ship_100.jpg,640,360,cruise_ship,114,76,621,312
cruise_ship_11.jpg,640,427,cruise_ship,33,114,263,248
cruise_ship_11.jpg,640,427,boat,203,232,237,247
cruise_ship_11.jpg,640,427,boat,439,206,489,271
cruise_ship_12.jpg,640,360,cruise_ship,251,123,374,291
cruise_ship_13.jpg,640,427,cruise_ship,100,147,497,349
cruise_ship_14.jpg,640,360,cruise_ship,159,87,420,344
cruise_ship_15.jpg,640,427,cruise_ship,42,154,599,333
cruise_ship_15.jpg,640,427,boat,70,320,95,360
cruise_ship_15.jpg,640,427,boat,74,358,99,388
cruise_ship_16.jpg,640,427,cruise_ship,64,34,559,392
cruise_ship_17.jpg,480,640,cruise_ship,48,62,376,344
cruise_ship_18.jpg,640,480,cruise_ship,1,6,381,250
cruise_ship_18.jpg,640,480,tug_boat,415,184,564,255
cruise_ship_19.jpg,640,480,cruise_ship,6,23,614,249
cruise_ship_20.jpg,640,427,cruise_ship,49,111,319,229
cruise_ship_20.jpg,640,427,boat,276,213,312,227
cruise_ship_20.jpg,640,427,boat,368,205,390,228
cruise_ship_20.jpg,640,427,boat,417,188,442,234
cruise_ship_20.jpg,640,427,boat,449,205,465,226
cruise_ship_21.jpg,640,360,cruise_ship,240,168,375,218
cruise_ship_21.jpg,640,360,tug_boat,358,232,377,248
cruise_ship_21.jpg,640,360,bulk carrier,431,253,540,274
cruise_ship_22.jpg,640,360,cruise_ship,314,99,446,234
cruise_ship_23.jpg,640,425,cruise_ship,86,117,332,196
cruise_ship_23.jpg,640,425,cruise_ship,340,86,545,254
cruise_ship_23.jpg,640,425,tug_boat,73,240,144,299
cruise_ship_23.jpg,640,425,tug_boat,39,198,88,264
cruise_ship_23.jpg,640,425,tug_boat,20,199,49,244
cruise_ship_23.jpg,640,425,tug_boat,5,193,26,227
cruise_ship_24.jpg,640,454,cruise_ship,29,110,450,294
cruise_ship_24.jpg,640,454,tug_boat,18,262,38,289
cruise_ship_24.jpg,640,454,tug_boat,463,208,628,300
cruise_ship_25.jpg,640,427,cruise_ship,183,73,541,388
cruise_ship_26.jpg,640,360,cruise_ship,137,144,466,239
cruise_ship_26.jpg,640,360,cruise_ship,13,178,127,212
cruise_ship_27.jpg,640,360,cruise_ship,18,1,640,339
cruise_ship_28.jpg,640,360,cruise_ship,255,145,334,223
cruise_ship_28.jpg,640,360,cruise_ship,407,147,469,205
cruise_ship_28.jpg,640,360,boat,35,212,43,228
cruise_ship_28.jpg,640,360,boat,66,276,77,288
cruise_ship_28.jpg,640,360,boat,159,210,174,228
cruise_ship_29.jpg,640,478,cruise_ship,4,294,207,372
cruise_ship_29.jpg,640,478,cruise_ship,210,325,481,423
cruise_ship_29.jpg,640,478,cruise_ship,490,356,639,459
cruise_ship_30.jpg,640,360,cruise_ship,54,176,121,236
cruise_ship_30.jpg,640,360,cruise_ship,160,121,461,262
cruise_ship_31.jpg,640,360,cruise_ship,156,3,532,331
cruise_ship_32.jpg,640,360,cruise_ship,110,133,517,302
cruise_ship_33.jpg,640,360,cruise_ship,125,4,622,348
cruise_ship_34.jpg,640,360,cruise_ship,291,137,431,334
cruise_ship_35.jpg,640,360,cruise_ship,303,127,379,305
cruise_ship_35.jpg,640,360,cruise_ship,445,107,480,164
cruise_ship_35.jpg,640,360,boat,24,303,83,346
cruise_ship_35.jpg,640,360,PCC,513,92,568,106
cruise_ship_35.jpg,640,360,bulk carrier,600,153,633,180
cruise_ship_36.jpg,640,360,cruise_ship,55,110,592,235
cruise_ship_37.jpg,640,401,cruise_ship,68,65,624,354
cruise_ship_38.jpg,640,429,cruise_ship,48,141,569,261
cruise_ship_39.jpg,640,360,cruise_ship,59,58,526,227
cruise_ship_40.jpg,480,640,cruise_ship,138,233,361,554
cruise_ship_40.jpg,480,640,cruise_ship,41,201,204,256
cruise_ship_41.jpg,640,409,cruise_ship,89,90,553,323
cruise_ship_42.jpg,640,196,cruise_ship,33,63,563,180
cruise_ship_43.jpg,640,360,cruise_ship,21,91,632,236
cruise_ship_44.jpg,640,427,cruise_ship,6,201,640,380
cruise_ship_45.jpg,640,427,cruise_ship,44,242,610,364
cruise_ship_46.jpg,640,427,cruise_ship,19,95,566,302
cruise_ship_47.jpg,640,379,cruise_ship,1,58,640,372
cruise_ship_48.jpg,640,480,cruise_ship,46,143,608,320
cruise_ship_49.jpg,640,480,cruise_ship,14,118,605,338
cruise_ship_50.jpg,640,427,cruise_ship,40,115,443,319
cruise_ship_51.jpg,640,427,cruise_ship,36,137,606,274
cruise_ship_52.jpg,640,360,cruise_ship,88,133,576,303
cruise_ship_52.jpg,640,360,boat,538,270,569,292
cruise_ship_52.jpg,640,360,boat,580,281,599,311
cruise_ship_53.jpg,640,457,cruise_ship,40,21,579,401
cruise_ship_54.jpg,640,360,cruise_ship,176,151,368,200
cruise_ship_54.jpg,640,360,tug_boat,402,184,436,204
cruise_ship_55.jpg,640,368,cruise_ship,10,106,610,302
cruise_ship_56.jpg,640,427,cruise_ship,162,144,608,353
cruise_ship_57.jpg,640,434,cruise_ship,251,214,388,250
cruise_ship_58.jpg,640,465,cruise_ship,1,40,594,414
cruise_ship_59.jpg,640,427,cruise_ship,45,165,294,267
cruise_ship_59.jpg,640,427,cruise_ship,304,169,405,272
cruise_ship_59.jpg,640,427,cruise_ship,470,158,588,280
cruise_ship_60.jpg,640,360,cruise_ship,1,5,376,233
cruise_ship_61.jpg,640,427,cruise_ship,64,32,558,390
cruise_ship_62.jpg,640,427,cruise_ship,42,48,596,328
cruise_ship_63.jpg,640,427,cruise_ship,272,149,598,252
cruise_ship_64.jpg,640,408,cruise_ship,158,110,503,278
cruise_ship_64.jpg,640,408,boat,61,257,115,273
cruise_ship_65.jpg,480,640,cruise_ship,78,256,364,319
cruise_ship_66.jpg,640,360,cruise_ship,195,152,611,232
cruise_ship_66.jpg,640,360,boat,112,201,176,228
cruise_ship_67.jpg,640,360,boat,127,264,154,280
cruise_ship_67.jpg,640,360,boat,328,264,363,292
cruise_ship_67.jpg,640,360,cruise_ship,300,156,332,191
cruise_ship_67.jpg,640,360,PCC,420,187,460,235
cruise_ship_67.jpg,640,360,PCC,418,167,436,184
cruise_ship_68.jpg,640,360,cruise_ship,172,105,595,199
cruise_ship_69.jpg,640,427,boat,142,243,272,373
cruise_ship_69.jpg,640,427,cruise_ship,221,195,353,236
cruise_ship_70.jpg,640,360,cruise_ship,135,159,554,246
cruise_ship_71.jpg,640,360,cruise_ship,104,105,501,187
cruise_ship_72.jpg,640,427,cruise_ship,106,96,498,348
cruise_ship_73.jpg,640,360,cruise_ship,388,185,431,233
cruise_ship_74.jpg,640,360,cruise_ship,213,86,236,118
cruise_ship_74.jpg,640,360,cruise_ship,258,127,362,225
cruise_ship_74.jpg,640,360,boat,313,105,330,112
cruise_ship_74.jpg,640,360,PCC,368,96,412,106
cruise_ship_74.jpg,640,360,PCC,556,115,585,154
cruise_ship_75.jpg,640,427,cruise_ship,41,53,534,359
cruise_ship_76.jpg,640,407,cruise_ship,57,16,616,382
cruise_ship_77.jpg,640,427,cruise_ship,128,125,608,385
cruise_ship_78.jpg,640,360,cruise_ship,197,140,571,225
cruise_ship_78.jpg,640,360,boat,128,195,178,215
cruise_ship_79.jpg,640,360,cruise_ship,28,96,623,218
cruise_ship_80.jpg,640,360,cruise_ship,1,32,637,271
cruise_ship_81.jpg,640,480,cruise_ship,59,32,355,305
cruise_ship_81.jpg,640,480,person,175,210,308,480
cruise_ship_82.jpg,640,403,cruise_ship,21,144,633,298
cruise_ship_83.jpg,480,640,cruise_ship,18,84,480,421
cruise_ship_84.jpg,640,425,cruise_ship,92,89,536,255
cruise_ship_84.jpg,640,425,boat,391,199,532,246
cruise_ship_85.jpg,640,427,cruise_ship,267,119,343,214
cruise_ship_86.jpg,640,428,cruise_ship,25,161,609,365
cruise_ship_87.jpg,640,427,cruise_ship,68,80,593,371
cruise_ship_88.jpg,640,427,cruise_ship,60,102,588,320
cruise_ship_89.jpg,640,427,cruise_ship,61,49,607,350
cruise_ship_89.jpg,640,427,boat,557,284,611,316
cruise_ship_90.jpg,640,640,cruise_ship,116,45,513,539
cruise_ship_91.jpg,640,426,cruise_ship,41,114,604,306
cruise_ship_92.jpg,640,457,cruise_ship,41,95,614,338
cruise_ship_93.jpg,640,360,cruise_ship,100,122,604,234
cruise_ship_94.jpg,640,480,cruise_ship,41,165,554,405
cruise_ship_94.jpg,640,480,boat,200,343,536,410
cruise_ship_94.jpg,640,480,tug_boat,402,362,491,419
cruise_ship_95.jpg,640,480,cruise_ship,45,96,619,364
cruise_ship_96.jpg,640,480,cruise_ship,1,22,580,475
cruise_ship_97.jpg,640,480,cruise_ship,79,2,522,451
cruise_ship_97.jpg,640,480,boat,88,389,137,444
cruise_ship_98.jpg,640,291,cruise_ship,34,105,243,197
cruise_ship_98.jpg,640,291,cruise_ship,234,129,300,173
cruise_ship_99.jpg,640,426,cruise_ship,37,81,600,365
fishing_boat_100.jpg,640,426,fishing_boat,26,19,496,413
fishing_boat_11.jpg,640,480,fishing_boat,132,5,518,383
fishing_boat_12.jpg,640,427,fishing_boat,82,37,371,328
fishing_boat_13.jpg,640,428,fishing_boat,11,208,190,330
fishing_boat_13.jpg,640,428,fishing_boat,198,216,368,349
fishing_boat_13.jpg,640,428,fishing_boat,369,251,583,396
fishing_boat_13.jpg,640,428,boat,570,277,630,325
fishing_boat_14.jpg,640,245,fishing_boat,10,99,238,207
fishing_boat_14.jpg,640,245,fishing_boat,250,125,401,195
fishing_boat_14.jpg,640,245,fishing_boat,422,121,606,198
fishing_boat_14.jpg,640,245,boat,273,117,313,143
fishing_boat_14.jpg,640,245,boat,414,115,445,136
fishing_boat_14.jpg,640,245,boat,470,113,499,140
fishing_boat_14.jpg,640,245,boat,579,109,606,141
fishing_boat_15.jpg,640,428,fishing_boat,92,165,527,329
fishing_boat_16.jpg,640,480,fishing_boat,163,66,622,388
fishing_boat_17.jpg,640,480,fishing_boat,83,14,507,405
fishing_boat_18.jpg,640,480,fishing_boat,36,102,590,370
fishing_boat_18.jpg,640,480,person,286,214,328,295
fishing_boat_18.jpg,640,480,person,347,246,391,285
fishing_boat_19.jpg,640,480,boat,30,103,124,264
fishing_boat_19.jpg,640,480,person,38,228,50,253
fishing_boat_19.jpg,640,480,person,58,227,71,246
fishing_boat_19.jpg,640,480,fishing_boat,129,128,472,348
fishing_boat_20.jpg,640,480,fishing_boat,129,55,467,432
fishing_boat_21.jpg,640,480,fishing_boat,115,79,582,382
fishing_boat_21.jpg,640,480,boat,121,19,431,139
fishing_boat_21.jpg,640,480,boat,115,35,187,71
fishing_boat_22.jpg,640,480,fishing_boat,49,47,611,423
fishing_boat_23.jpg,480,640,fishing_boat,94,14,416,591
fishing_boat_24.jpg,640,480,fishing_boat,23,58,545,356
fishing_boat_24.jpg,640,480,boat,224,1,636,195
fishing_boat_25.jpg,640,480,fishing_boat,63,97,578,402
fishing_boat_26.jpg,640,480,fishing_boat,98,59,516,402
fishing_boat_27.jpg,640,426,fishing_boat,96,33,517,370
fishing_boat_28.jpg,640,426,fishing_boat,295,104,484,378
fishing_boat_28.jpg,640,426,boat,248,211,290,283
fishing_boat_29.jpg,640,426,boat,3,51,118,317
fishing_boat_29.jpg,640,426,boat,104,130,157,224
fishing_boat_29.jpg,640,426,boat,301,108,376,258
fishing_boat_29.jpg,640,426,boat,482,253,599,331
fishing_boat_29.jpg,640,426,boat,566,102,630,240
fishing_boat_29.jpg,640,426,fishing_boat,120,33,533,371
fishing_boat_30.jpg,640,426,fishing_boat,104,63,505,359
fishing_boat_30.jpg,640,426,boat,585,185,640,295
fishing_boat_31.jpg,640,426,fishing_boat,109,214,214,330
fishing_boat_31.jpg,640,426,fishing_boat,272,109,555,369
fishing_boat_32.jpg,640,426,fishing_boat,1,27,415,367
fishing_boat_32.jpg,640,426,boat,442,271,514,303
fishing_boat_33.jpg,427,640,fishing_boat,19,1,399,580
fishing_boat_34.jpg,640,480,fishing_boat,79,38,541,439
fishing_boat_35.jpg,640,426,fishing_boat,134,152,532,379
fishing_boat_35.jpg,640,426,person,183,230,239,333
fishing_boat_35.jpg,640,426,boat,74,4,206,98
fishing_boat_36.jpg,640,480,fishing_boat,91,40,596,439
fishing_boat_36.jpg,640,480,fishing_boat,28,288,135,351
fishing_boat_37.jpg,640,480,fishing_boat,62,39,594,419
fishing_boat_38.jpg,640,480,fishing_boat,42,40,576,457
fishing_boat_39.jpg,640,426,fishing_boat,186,195,442,364
fishing_boat_40.jpg,640,426,fishing_boat,134,158,499,357
fishing_boat_41.jpg,640,480,fishing_boat,32,73,559,422
fishing_boat_42.jpg,640,360,fishing_boat,470,198,628,282
fishing_boat_43.jpg,640,529,fishing_boat,87,123,482,398
fishing_boat_43.jpg,640,529,fishing_boat,391,98,580,286
fishing_boat_44.jpg,640,427,boat,107,272,171,301
fishing_boat_44.jpg,640,427,fishing_boat,308,240,463,336
fishing_boat_45.jpg,640,427,fishing_boat,76,42,565,407
fishing_boat_46.jpg,640,441,fishing_boat,85,168,343,344
fishing_boat_47.jpg,640,461,fishing_boat,18,192,303,349
fishing_boat_47.jpg,640,461,boat,443,107,558,311
fishing_boat_48.jpg,480,640,fishing_boat,31,124,465,558
fishing_boat_49.jpg,640,480,fishing_boat,38,62,615,380
fishing_boat_50.jpg,640,427,fishing_boat,31,78,127,248
fishing_boat_50.jpg,640,427,fishing_boat,93,43,539,403
fishing_boat_51.jpg,640,427,fishing_boat,232,15,639,417
fishing_boat_52.jpg,640,425,fishing_boat,14,159,471,290
fishing_boat_53.jpg,640,427,fishing_boat,358,222,485,277
fishing_boat_54.jpg,640,427,fishing_boat,190,109,407,348
fishing_boat_55.jpg,640,425,fishing_boat,28,114,143,237
fishing_boat_55.jpg,640,425,fishing_boat,103,123,229,231
fishing_boat_55.jpg,640,425,fishing_boat,219,136,328,233
fishing_boat_55.jpg,640,425,fishing_boat,305,153,414,228
fishing_boat_55.jpg,640,425,fishing_boat,419,149,567,223
fishing_boat_55.jpg,640,425,fishing_boat,496,139,618,226
fishing_boat_56.jpg,640,427,fishing_boat,17,194,68,224
fishing_boat_56.jpg,640,427,boat,248,258,465,392
fishing_boat_56.jpg,640,427,boat,401,256,577,313
fishing_boat_56.jpg,640,427,boat,463,237,605,288
fishing_boat_56.jpg,640,427,boat,525,223,597,253
fishing_boat_56.jpg,640,427,boat,427,219,496,236
fishing_boat_56.jpg,640,427,boat,452,221,524,239
fishing_boat_57.jpg,640,480,boat,65,155,154,266
fishing_boat_57.jpg,640,480,boat,77,278,166,370
fishing_boat_57.jpg,640,480,boat,216,177,264,249
fishing_boat_57.jpg,640,480,boat,272,180,309,244
fishing_boat_57.jpg,640,480,boat,357,162,433,250
fishing_boat_57.jpg,640,480,fishing_boat,437,9,602,306
fishing_boat_58.jpg,640,480,fishing_boat,129,259,260,416
fishing_boat_58.jpg,640,480,fishing_boat,344,260,636,380
fishing_boat_59.jpg,640,426,fishing_boat,43,101,285,201
fishing_boat_59.jpg,640,426,fishing_boat,288,142,347,192
fishing_boat_59.jpg,640,426,fishing_boat,348,125,465,192
fishing_boat_60.jpg,640,429,fishing_boat,38,50,359,212
fishing_boat_61.jpg,640,393,fishing_boat,16,73,613,345
fishing_boat_62.jpg,640,427,fishing_boat,82,66,568,362
fishing_boat_62.jpg,640,427,fishing_boat,377,92,637,247
fishing_boat_62.jpg,640,427,fishing_boat,345,4,400,60
fishing_boat_62.jpg,640,427,boat,10,35,106,69
fishing_boat_62.jpg,640,427,tug_boat,240,18,331,61
fishing_boat_62.jpg,640,427,boat,409,3,455,59
fishing_boat_62.jpg,640,427,boat,467,8,495,62
fishing_boat_63.jpg,640,429,fishing_boat,90,197,327,292
fishing_boat_63.jpg,640,429,fishing_boat,358,211,572,294
fishing_boat_64.jpg,640,450,fishing_boat,77,79,563,372
fishing_boat_65.jpg,640,450,fishing_boat,123,80,512,385
fishing_boat_66.jpg,640,428,fishing_boat,296,195,340,231
fishing_boat_66.jpg,640,428,fishing_boat,372,188,582,352
fishing_boat_67.jpg,528,640,fishing_boat,62,44,433,463
fishing_boat_68.jpg,640,417,fishing_boat,82,55,446,327
fishing_boat_69.jpg,377,640,fishing_boat,67,28,311,598
fishing_boat_69.jpg,377,640,boat,17,306,55,385
fishing_boat_69.jpg,377,640,boat,75,282,97,386
fishing_boat_69.jpg,377,640,boat,213,324,258,383
fishing_boat_69.jpg,377,640,boat,304,281,342,375
fishing_boat_69.jpg,377,640,boat,344,292,373,383
fishing_boat_70.jpg,640,253,fishing_boat,50,63,133,184
fishing_boat_70.jpg,640,253,fishing_boat,214,55,289,174
fishing_boat_70.jpg,640,253,fishing_boat,331,71,506,160
fishing_boat_71.jpg,640,314,fishing_boat,15,113,607,255
fishing_boat_72.jpg,640,454,fishing_boat,107,77,514,317
fishing_boat_73.jpg,640,448,boat,48,201,101,272
fishing_boat_73.jpg,640,448,fishing_boat,130,45,441,416
fishing_boat_74.jpg,640,427,fishing_boat,84,63,598,268
fishing_boat_75.jpg,640,428,fishing_boat,43,73,349,262
fishing_boat_75.jpg,640,428,fishing_boat,338,134,441,246
fishing_boat_75.jpg,640,428,fishing_boat,433,152,501,238
fishing_boat_75.jpg,640,428,fishing_boat,507,139,570,226
fishing_boat_76.jpg,640,290,fishing_boat,285,92,392,201
fishing_boat_76.jpg,640,290,fishing_boat,400,65,548,208
fishing_boat_77.jpg,640,424,fishing_boat,163,45,396,345
fishing_boat_77.jpg,640,424,fishing_boat,387,87,526,339
fishing_boat_78.jpg,640,381,fishing_boat,5,105,195,233
fishing_boat_78.jpg,640,381,fishing_boat,198,141,415,223
fishing_boat_78.jpg,640,381,fishing_boat,407,86,619,238
fishing_boat_79.jpg,640,480,fishing_boat,81,42,264,322
fishing_boat_79.jpg,640,480,fishing_boat,260,72,503,327
fishing_boat_80.jpg,640,452,fishing_boat,193,181,568,365
fishing_boat_81.jpg,640,433,fishing_boat,170,170,488,308
fishing_boat_82.jpg,640,349,fishing_boat,133,161,419,303
fishing_boat_83.jpg,640,478,fishing_boat,50,71,532,357
fishing_boat_84.jpg,461,640,fishing_boat,39,205,444,502
fishing_boat_85.jpg,640,427,fishing_boat,266,9,432,98
fishing_boat_85.jpg,640,427,fishing_boat,60,69,573,345
fishing_boat_86.jpg,640,290,fishing_boat,138,50,271,179
fishing_boat_86.jpg,640,290,fishing_boat,361,86,508,192
fishing_boat_86.jpg,640,290,boat,327,141,361,167
fishing_boat_87.jpg,640,339,fishing_boat,171,168,460,261
fishing_boat_88.jpg,640,427,fishing_boat,112,16,585,370
fishing_boat_89.jpg,640,427,fishing_boat,48,36,603,359
fishing_boat_90.jpg,640,427,fishing_boat,447,330,506,365
fishing_boat_91.jpg,640,427,fishing_boat,205,75,424,342
fishing_boat_92.jpg,640,360,fishing_boat,34,65,608,313
fishing_boat_93.jpg,640,435,fishing_boat,73,86,520,394
fishing_boat_93.jpg,640,435,boat,378,332,496,402
fishing_boat_93.jpg,640,435,boat,445,124,510,146
fishing_boat_94.jpg,640,480,fishing_boat,146,100,505,414
fishing_boat_95.jpg,640,427,fishing_boat,60,147,415,357
fishing_boat_95.jpg,640,427,fishing_boat,502,150,635,231
fishing_boat_95.jpg,640,427,fishing_boat,245,155,296,219
fishing_boat_96.jpg,640,427,fishing_boat,100,96,524,359
fishing_boat_97.jpg,640,393,fishing_boat,140,38,612,352
fishing_boat_98.jpg,640,358,fishing_boat,263,88,314,206
fishing_boat_98.jpg,640,358,fishing_boat,376,179,454,215
fishing_boat_98.jpg,640,358,fishing_boat,314,92,424,201
fishing_boat_98.jpg,640,358,fishing_boat,514,69,631,239
fishing_boat_98.jpg,640,358,boat,207,168,256,198
fishing_boat_98.jpg,640,358,boat,166,177,202,194
fishing_boat_99.jpg,640,426,fishing_boat,72,116,565,369
LNG_ship_100.jpg,640,425,LNG_ship,117,224,201,250
LNG_ship_100.jpg,640,425,LNG_ship,302,161,560,316
LNG_ship_101.jpg,640,419,LNG_ship,65,163,602,260
LNG_ship_11.jpg,640,360,LNG_ship,71,83,592,270
LNG_ship_111.jpg,640,360,LNG_ship,73,79,587,262
LNG_ship_112.jpg,640,244,LNG_ship,40,79,621,191
LNG_ship_113.jpg,427,640,boat,235,533,328,604
LNG_ship_113.jpg,427,640,LNG_ship,38,54,318,333
LNG_ship_114.jpg,640,360,LNG_ship,42,74,615,255
LNG_ship_115.jpg,640,427,LNG_ship,59,30,618,361
LNG_ship_116.jpg,640,360,LNG_ship,26,98,618,257
LNG_ship_117.jpg,640,360,LNG_ship,45,104,598,269
LNG_ship_118.jpg,640,361,LNG_ship,33,69,626,285
LNG_ship_119.jpg,640,360,LNG_ship,24,113,615,243
LNG_ship_12.jpg,640,244,LNG_ship,36,87,620,187
LNG_ship_120.jpg,640,361,LNG_ship,59,129,621,244
LNG_ship_121.jpg,640,360,LNG_ship,40,80,600,277
LNG_ship_122.jpg,640,361,LNG_ship,38,58,591,286
LNG_ship_123.jpg,640,361,LNG_ship,19,121,617,243
LNG_ship_124.jpg,640,427,LNG_ship,192,31,502,242
LNG_ship_125.jpg,640,361,LNG_ship,30,107,617,267
LNG_ship_126.jpg,640,361,LNG_ship,108,26,528,283
LNG_ship_127.jpg,640,427,LNG_ship,73,41,577,344
LNG_ship_128.jpg,640,361,LNG_ship,23,125,621,258
LNG_ship_129.jpg,640,361,LNG_ship,29,90,602,261
LNG_ship_13.jpg,427,640,LNG_ship,46,49,319,347
LNG_ship_13.jpg,427,640,boat,230,529,340,616
LNG_ship_130.jpg,640,359,LNG_ship,38,129,614,245
LNG_ship_131.jpg,640,359,LNG_ship,36,116,609,241
LNG_ship_132.jpg,640,360,LNG_ship,26,134,604,251
LNG_ship_133.jpg,640,360,LNG_ship,34,83,615,294
LNG_ship_134.jpg,640,360,LNG_ship,39,114,604,265
LNG_ship_135.jpg,640,360,LNG_ship,26,142,620,252
LNG_ship_136.jpg,640,360,LNG_ship,48,80,599,257
LNG_ship_137.jpg,640,360,LNG_ship,24,91,605,267
LNG_ship_138.jpg,640,360,LNG_ship,27,148,614,250
LNG_ship_139.jpg,640,360,LNG_ship,27,121,603,258
LNG_ship_14.jpg,640,360,LNG_ship,35,73,609,259
LNG_ship_140.jpg,640,360,LNG_ship,30,118,600,256
LNG_ship_141.jpg,640,360,LNG_ship,46,95,596,278
LNG_ship_142.jpg,640,427,LNG_ship,35,196,610,307
LNG_ship_143.jpg,640,427,LNG_ship,65,111,600,348
LNG_ship_144.jpg,640,360,LNG_ship,20,126,619,262
LNG_ship_145.jpg,640,361,LNG_ship,97,20,560,327
LNG_ship_146.jpg,640,360,LNG_ship,36,82,598,282
LNG_ship_147.jpg,640,360,LNG_ship,25,136,613,252
LNG_ship_148.jpg,640,360,LNG_ship,21,31,622,309
LNG_ship_149.jpg,640,360,LNG_ship,37,96,606,277
LNG_ship_15.jpg,640,427,LNG_ship,56,34,621,367
LNG_ship_150.jpg,640,360,LNG_ship,59,38,586,311
LNG_ship_151.jpg,640,360,LNG_ship,59,79,584,304
LNG_ship_152.jpg,640,413,LNG_ship,40,77,590,316
LNG_ship_153.jpg,640,360,LNG_ship,33,107,606,276
LNG_ship_154.jpg,640,480,LNG_ship,85,249,580,361
LNG_ship_155.jpg,640,311,LNG_ship,115,107,592,193
LNG_ship_155.jpg,640,311,tug_boat,277,159,334,187
LNG_ship_156.jpg,640,296,tug_boat,215,185,249,211
LNG_ship_156.jpg,640,296,LNG_ship,131,138,562,212
LNG_ship_157.jpg,640,350,LNG_ship,11,129,616,313
LNG_ship_158.jpg,640,383,LNG_ship,27,82,602,301
LNG_ship_159.jpg,640,331,LNG_ship,93,123,547,231
LNG_ship_16.jpg,640,360,LNG_ship,24,98,618,255
LNG_ship_160.jpg,640,350,LNG_ship,55,159,506,270
LNG_ship_161.jpg,640,480,tug_boat,321,291,392,376
LNG_ship_161.jpg,640,480,LNG_ship,385,145,596,372
LNG_ship_162.jpg,640,443,tug_boat,41,250,87,303
LNG_ship_162.jpg,640,443,tug_boat,106,269,156,307
LNG_ship_162.jpg,640,443,tug_boat,257,264,309,308
LNG_ship_162.jpg,640,443,tug_boat,506,256,596,311
LNG_ship_162.jpg,640,443,LNG_ship,114,175,514,309
LNG_ship_163.jpg,640,390,LNG_ship,57,124,605,271
LNG_ship_164.jpg,640,428,LNG_ship,65,117,576,255
LNG_ship_165.jpg,640,299,LNG_ship,57,125,610,241
LNG_ship_166.jpg,640,273,tug_boat,12,149,56,176
LNG_ship_166.jpg,640,273,LNG_ship,50,61,592,178
LNG_ship_167.jpg,640,355,LNG_ship,72,157,502,285
LNG_ship_169.jpg,640,399,tug_boat,62,283,131,347
LNG_ship_169.jpg,640,399,tug_boat,206,279,284,350
LNG_ship_169.jpg,640,399,tug_boat,477,263,574,352
LNG_ship_169.jpg,640,399,LNG_ship,106,109,589,345
LNG_ship_17.jpg,640,360,LNG_ship,43,96,599,270
LNG_ship_170.jpg,362,640,tug_boat,26,396,85,467
LNG_ship_170.jpg,362,640,tug_boat,167,396,230,475
LNG_ship_170.jpg,362,640,LNG_ship,84,233,332,469
LNG_ship_171.jpg,640,287,LNG_ship,210,199,499,251
LNG_ship_171.jpg,640,287,tug_boat,211,229,249,246
LNG_ship_171.jpg,640,287,tug_boat,156,226,182,248
LNG_ship_171.jpg,640,287,tug_boat,370,232,392,247
LNG_ship_171.jpg,640,287,tug_boat,539,234,573,250
LNG_ship_172.jpg,640,359,tug_boat,86,230,134,253
LNG_ship_172.jpg,640,359,tug_boat,176,233,211,255
LNG_ship_172.jpg,640,359,tug_boat,312,231,349,255
LNG_ship_172.jpg,640,359,tug_boat,492,224,560,255
LNG_ship_172.jpg,640,359,LNG_ship,173,182,483,259
LNG_ship_173.jpg,640,290,LNG_ship,182,135,353,184
LNG_ship_174.jpg,640,428,tug_boat,74,273,203,315
LNG_ship_174.jpg,640,428,tug_boat,9,277,69,316
LNG_ship_174.jpg,640,428,LNG_ship,197,168,480,316
LNG_ship_175.jpg,640,348,tug_boat,17,228,64,249
LNG_ship_175.jpg,640,348,tug_boat,189,231,229,255
LNG_ship_175.jpg,640,348,tug_boat,367,227,412,246
LNG_ship_175.jpg,640,348,LNG_ship,101,177,428,249
LNG_ship_176.jpg,640,292,LNG_ship,99,71,520,202
LNG_ship_177.jpg,640,305,LNG_ship,29,116,493,248
LNG_ship_178.jpg,640,426,LNG_ship,79,55,610,181
LNG_ship_179.jpg,640,427,tug_boat,34,243,74,288
LNG_ship_179.jpg,640,427,tug_boat,82,238,114,287
LNG_ship_179.jpg,640,427,tug_boat,438,237,490,285
LNG_ship_179.jpg,640,427,LNG_ship,191,170,433,292
LNG_ship_18.jpg,640,361,LNG_ship,30,69,622,289
LNG_ship_180.jpg,640,296,LNG_ship,148,150,436,218
LNG_ship_181.jpg,640,349,LNG_ship,65,129,594,279
LNG_ship_182.jpg,640,448,LNG_ship,55,249,536,358
LNG_ship_183.jpg,640,279,container_ship,14,145,75,170
LNG_ship_183.jpg,640,279,container_ship,126,149,201,170
LNG_ship_183.jpg,640,279,LNG_ship,443,124,632,172
LNG_ship_184.jpg,640,318,LNG_ship,170,149,548,236
LNG_ship_185.jpg,640,428,LNG_ship,157,195,581,275
LNG_ship_186.jpg,640,228,LNG_ship,210,59,377,111
LNG_ship_187.jpg,640,428,LNG_ship,104,149,560,290
LNG_ship_188.jpg,640,268,LNG_ship,75,97,619,233
LNG_ship_189.jpg,640,427,tug_boat,63,259,142,300
LNG_ship_189.jpg,640,427,LNG_ship,165,232,587,302
LNG_ship_189.jpg,640,427,tug_boat,587,285,618,306
LNG_ship_19.jpg,640,360,LNG_ship,25,113,615,245
LNG_ship_190.jpg,640,337,LNG_ship,50,107,514,261
LNG_ship_191.jpg,640,296,tug_boat,254,184,318,217
LNG_ship_191.jpg,640,296,LNG_ship,140,63,500,218
LNG_ship_192.jpg,640,431,tug_boat,306,294,392,402
LNG_ship_192.jpg,640,431,tug_boat,398,324,545,402
LNG_ship_192.jpg,640,431,LNG_ship,115,132,427,392
LNG_ship_193.jpg,640,273,LNG_ship,21,75,608,259
LNG_ship_194.jpg,640,323,LNG_ship,71,98,624,285
LNG_ship_195.jpg,640,268,LNG_ship,25,113,246,177
LNG_ship_195.jpg,640,268,tug_boat,121,155,160,176
LNG_ship_195.jpg,640,268,LNG_ship,310,105,623,173
LNG_ship_196.jpg,640,401,boat,333,280,468,330
LNG_ship_196.jpg,640,401,LNG_ship,147,106,610,206
LNG_ship_197.jpg,640,204,LNG_ship,101,89,350,153
LNG_ship_198.jpg,640,160,tug_boat,24,126,54,143
LNG_ship_198.jpg,640,160,tug_boat,133,125,180,144
LNG_ship_198.jpg,640,160,tug_boat,228,124,240,144
LNG_ship_198.jpg,640,160,tug_boat,241,121,260,140
LNG_ship_198.jpg,640,160,LNG_ship,24,89,231,142
LNG_ship_198.jpg,640,160,LNG_ship,361,70,636,141
LNG_ship_20.jpg,640,361,LNG_ship,56,133,623,249
LNG_ship_200.jpg,640,425,LNG_ship,113,224,193,247
LNG_ship_200.jpg,640,425,LNG_ship,310,167,571,316
LNG_ship_201.jpg,640,419,LNG_ship,71,168,600,253
LNG_ship_21.jpg,640,360,LNG_ship,39,91,606,286
LNG_ship_22.jpg,640,361,LNG_ship,40,64,597,294
LNG_ship_23.jpg,640,361,LNG_ship,22,131,621,239
LNG_ship_24.jpg,640,427,LNG_ship,191,26,507,253
LNG_ship_25.jpg,640,361,LNG_ship,27,98,613,271
LNG_ship_26.jpg,640,361,LNG_ship,102,21,523,280
LNG_ship_26.jpg,640,361,boat,21,57,39,84
LNG_ship_27.jpg,640,427,LNG_ship,71,48,576,332
LNG_ship_27.jpg,640,427,boat,621,163,634,179
LNG_ship_28.jpg,640,361,LNG_ship,19,124,623,252
LNG_ship_29.jpg,640,361,LNG_ship,23,91,598,270
LNG_ship_30.jpg,640,359,LNG_ship,32,135,609,247
LNG_ship_31.jpg,640,359,LNG_ship,29,115,608,243
LNG_ship_32.jpg,640,360,LNG_ship,36,129,597,252
LNG_ship_33.jpg,640,360,LNG_ship,36,87,613,294
LNG_ship_34.jpg,640,360,LNG_ship,39,116,607,268
LNG_ship_35.jpg,640,360,LNG_ship,24,142,610,254
LNG_ship_36.jpg,640,360,LNG_ship,51,74,603,260
LNG_ship_37.jpg,640,360,LNG_ship,24,93,615,269
LNG_ship_38.jpg,640,360,LNG_ship,23,148,618,248
LNG_ship_39.jpg,640,360,LNG_ship,27,125,599,264
LNG_ship_40.jpg,640,360,LNG_ship,30,123,600,261
LNG_ship_41.jpg,640,360,LNG_ship,48,95,598,274
LNG_ship_42.jpg,640,427,LNG_ship,32,193,609,313
LNG_ship_43.jpg,640,427,LNG_ship,68,115,599,354
LNG_ship_44.jpg,640,360,LNG_ship,22,120,618,262
LNG_ship_45.jpg,640,361,LNG_ship,91,29,562,332
LNG_ship_46.jpg,640,360,LNG_ship,35,89,603,287
LNG_ship_47.jpg,640,360,LNG_ship,29,135,609,249
LNG_ship_48.jpg,640,360,LNG_ship,16,33,615,313
LNG_ship_49.jpg,640,360,LNG_ship,43,94,601,282
LNG_ship_50.jpg,640,360,LNG_ship,57,31,587,315
LNG_ship_51.jpg,640,360,LNG_ship,60,69,593,297
LNG_ship_52.jpg,640,413,LNG_ship,46,79,585,312
LNG_ship_53.jpg,640,360,LNG_ship,32,98,611,272
LNG_ship_54.jpg,640,480,LNG_ship,82,264,570,356
LNG_ship_55.jpg,640,311,LNG_ship,122,120,603,195
LNG_ship_55.jpg,640,311,tug_boat,286,159,325,191
LNG_ship_56.jpg,640,296,tug_boat,219,190,250,206
LNG_ship_56.jpg,640,296,LNG_ship,131,137,571,209
LNG_ship_57.jpg,640,350,LNG_ship,13,131,614,316
LNG_ship_58.jpg,640,383,LNG_ship,18,80,602,302
LNG_ship_59.jpg,640,331,LNG_ship,89,122,550,239
LNG_ship_60.jpg,640,350,LNG_ship,56,153,512,275
LNG_ship_61.jpg,640,480,LNG_ship,383,148,592,374
LNG_ship_61.jpg,640,480,tug_boat,321,279,388,373
LNG_ship_62.jpg,640,443,tug_boat,42,250,92,306
LNG_ship_62.jpg,640,443,tug_boat,111,263,161,306
LNG_ship_62.jpg,640,443,tug_boat,259,268,313,307
LNG_ship_62.jpg,640,443,tug_boat,504,255,597,307
LNG_ship_62.jpg,640,443,LNG_ship,112,178,523,308
LNG_ship_63.jpg,640,390,LNG_ship,56,119,615,272
LNG_ship_64.jpg,640,428,LNG_ship,65,112,565,249
LNG_ship_65.jpg,640,299,LNG_ship,62,136,616,237
LNG_ship_66.jpg,640,273,LNG_ship,50,58,589,173
LNG_ship_66.jpg,640,273,tug_boat,11,147,57,179
LNG_ship_67.jpg,640,355,tug_boat,74,158,510,281
LNG_ship_68.jpg,640,353,tug_boat,117,201,518,284
LNG_ship_69.jpg,640,399,LNG_ship,102,107,569,345
LNG_ship_69.jpg,640,399,tug_boat,55,272,118,353
LNG_ship_69.jpg,640,399,tug_boat,207,278,269,346
LNG_ship_69.jpg,640,399,tug_boat,471,277,542,353
LNG_ship_70.jpg,362,640,LNG_ship,76,239,337,466
LNG_ship_70.jpg,362,640,tug_boat,32,410,77,468
LNG_ship_70.jpg,362,640,tug_boat,151,404,217,470
LNG_ship_71.jpg,640,287,LNG_ship,204,193,500,250
LNG_ship_72.jpg,640,359,LNG_ship,175,182,486,261
LNG_ship_72.jpg,640,359,tug_boat,84,223,130,260
LNG_ship_72.jpg,640,359,tug_boat,176,233,206,257
LNG_ship_72.jpg,640,359,tug_boat,310,228,347,261
LNG_ship_72.jpg,640,359,tug_boat,489,226,555,256
LNG_ship_73.jpg,640,290,LNG_ship,181,134,353,188
LNG_ship_74.jpg,640,428,LNG_ship,196,167,475,317
LNG_ship_74.jpg,640,428,tug_boat,3,272,68,318
LNG_ship_74.jpg,640,428,tug_boat,72,281,193,318
LNG_ship_75.jpg,640,348,tug_boat,13,216,65,251
LNG_ship_75.jpg,640,348,LNG_ship,105,175,432,247
LNG_ship_75.jpg,640,348,tug_boat,191,224,229,254
LNG_ship_75.jpg,640,348,tug_boat,377,223,412,250
LNG_ship_76.jpg,640,292,LNG_ship,101,78,529,212
LNG_ship_77.jpg,640,305,LNG_ship,27,114,495,247
LNG_ship_78.jpg,640,426,LNG_ship,92,43,606,163
LNG_ship_79.jpg,640,427,LNG_ship,184,162,440,291
LNG_ship_79.jpg,640,427,tug_boat,34,241,82,287
LNG_ship_79.jpg,640,427,tug_boat,74,240,111,284
LNG_ship_79.jpg,640,427,tug_boat,437,238,495,287
LNG_ship_80.jpg,640,296,LNG_ship,139,146,440,213
LNG_ship_81.jpg,640,349,LNG_ship,54,123,591,282
LNG_ship_82.jpg,640,448,LNG_ship,47,251,538,360
LNG_ship_83.jpg,640,279,LNG_ship,424,122,624,167
LNG_ship_84.jpg,640,318,LNG_ship,168,153,551,235
LNG_ship_85.jpg,640,428,LNG_ship,181,203,571,269
LNG_ship_86.jpg,640,228,LNG_ship,207,57,382,109
LNG_ship_87.jpg,640,428,LNG_ship,107,145,561,296
LNG_ship_88.jpg,640,268,LNG_ship,72,98,626,240
LNG_ship_89.jpg,640,427,LNG_ship,167,231,588,305
LNG_ship_89.jpg,640,427,tug_boat,62,262,143,301
LNG_ship_89.jpg,640,427,tug_boat,589,286,608,303
LNG_ship_90.jpg,640,337,LNG_ship,56,104,524,258
LNG_ship_91.jpg,640,296,LNG_ship,143,60,505,219
LNG_ship_91.jpg,640,296,tug_boat,248,176,318,217
LNG_ship_91.jpg,640,296,tug_boat,568,177,633,217
LNG_ship_92.jpg,640,431,LNG_ship,114,127,422,395
LNG_ship_92.jpg,640,431,tug_boat,300,297,389,397
LNG_ship_92.jpg,640,431,tug_boat,398,317,544,396
LNG_ship_93.jpg,640,273,LNG_ship,18,82,609,252
LNG_ship_94.jpg,640,323,LNG_ship,76,94,620,280
LNG_ship_95.jpg,640,268,LNG_ship,24,121,241,173
LNG_ship_95.jpg,640,268,tug_boat,124,154,165,178
LNG_ship_95.jpg,640,268,LNG_ship,312,101,630,175
LNG_ship_96.jpg,640,401,fishing_boat,332,283,477,329
LNG_ship_96.jpg,640,401,LNG_ship,138,106,606,212
LNG_ship_97.jpg,640,204,LNG_ship,101,86,347,153
LNG_ship_98.jpg,640,160,LNG_ship,24,90,224,142
LNG_ship_98.jpg,640,160,LNG_ship,360,63,636,142
LNG_ship_98.jpg,640,160,tug_boat,25,125,52,144
LNG_ship_98.jpg,640,160,tug_boat,129,122,180,144
LNG_ship_98.jpg,640,160,tug_boat,223,125,242,143
LNG_ship_98.jpg,640,160,tug_boat,244,124,260,140
PCC_100.jpg,640,434,PCC,52,170,559,306
PCC_11.jpg,640,480,PCC,6,150,637,270
PCC_12.jpg,640,429,PCC,25,159,520,264
PCC_12.jpg,640,429,tug_boat,542,211,620,261
PCC_13.jpg,640,427,PCC,40,60,599,349
PCC_14.jpg,640,308,PCC,44,96,585,202
PCC_15.jpg,640,401,PCC,47,59,543,375
PCC_15.jpg,640,401,tug_boat,474,275,592,369
PCC_16.jpg,640,427,PCC,56,52,606,386
PCC_17.jpg,640,427,PCC,44,65,602,351
PCC_18.jpg,640,357,PCC,57,96,606,277
PCC_19.jpg,640,346,PCC,96,124,504,247
PCC_20.jpg,640,439,PCC,319,130,359,146
PCC_21.jpg,640,413,PCC,113,145,517,344
PCC_21.jpg,640,413,boat,509,314,560,342
PCC_22.jpg,640,391,PCC,43,61,616,317
PCC_23.jpg,640,427,PCC,55,84,590,356
PCC_24.jpg,640,359,PCC,121,143,467,233
PCC_25.jpg,640,359,PCC,177,221,482,317
PCC_25.jpg,640,359,tug_boat,132,294,169,317
PCC_25.jpg,640,359,tug_boat,512,268,606,310
PCC_26.jpg,640,426,PCC,134,128,499,341
PCC_26.jpg,640,426,tug_boat,390,236,489,344
PCC_27.jpg,640,426,PCC,58,117,531,362
PCC_28.jpg,640,427,PCC,99,155,516,350
PCC_29.jpg,640,425,PCC,143,78,539,352
PCC_29.jpg,640,425,tug_boat,32,262,174,332
PCC_30.jpg,640,403,PCC,45,109,588,292
PCC_31.jpg,640,387,PCC,26,124,303,248
PCC_31.jpg,640,387,PCC,448,169,575,248
PCC_31.jpg,640,387,tug_boat,510,205,557,250
PCC_31.jpg,640,387,tug_boat,584,212,633,247
PCC_32.jpg,640,441,PCC,97,163,527,315
PCC_33.jpg,640,427,PCC,123,140,506,320
PCC_34.jpg,640,334,PCC,86,124,550,213
PCC_35.jpg,640,352,PCC,295,33,592,316
PCC_35.jpg,640,352,tug_boat,38,200,139,300
PCC_35.jpg,640,352,tug_boat,206,216,283,300
PCC_36.jpg,640,424,PCC,58,83,592,319
PCC_37.jpg,640,426,PCC,123,6,638,368
PCC_37.jpg,640,426,tug_boat,49,199,255,375
PCC_38.jpg,640,359,PCC,59,87,618,266
PCC_38.jpg,640,359,tug_boat,36,201,159,295
PCC_39.jpg,640,426,PCC,77,53,580,356
PCC_40.jpg,640,427,PCC,170,146,405,328
PCC_41.jpg,640,336,PCC,49,78,573,208
PCC_41.jpg,640,336,boat,163,29,441,229
PCC_42.jpg,640,458,PCC,34,154,626,344
PCC_43.jpg,640,426,PCC,69,75,381,252
PCC_43.jpg,640,426,tug_boat,352,196,443,262
PCC_44.jpg,640,359,PCC,11,127,544,261
PCC_45.jpg,640,426,PCC,25,117,547,328
PCC_46.jpg,640,426,PCC,137,236,354,364
PCC_47.jpg,640,368,PCC,125,109,520,208
PCC_48.jpg,640,426,PCC,134,178,441,321
PCC_48.jpg,640,426,tug_boat,354,254,420,321
PCC_48.jpg,640,426,tug_boat,528,248,621,333
PCC_49.jpg,640,409,tug_boat,392,263,507,363
PCC_49.jpg,640,409,PCC,88,68,392,375
PCC_50.jpg,640,426,boat,222,261,283,311
PCC_50.jpg,640,426,PCC,491,230,542,293
PCC_51.jpg,640,426,PCC,247,190,304,222
PCC_52.jpg,640,476,PCC,223,56,385,148
PCC_53.jpg,640,411,PCC,227,125,359,165
PCC_54.jpg,640,427,PCC,15,147,619,286
PCC_55.jpg,640,427,PCC,52,62,568,338
PCC_56.jpg,640,425,PCC,162,69,454,348
PCC_56.jpg,640,425,boat,511,244,542,262
PCC_57.jpg,640,426,PCC,37,98,424,170
PCC_57.jpg,640,426,boat,85,154,156,184
PCC_58.jpg,640,458,PCC,51,164,606,340
PCC_59.jpg,640,456,PCC,38,172,604,357
PCC_60.jpg,640,426,PCC,93,132,550,327
PCC_61.jpg,640,426,PCC,158,32,523,328
PCC_61.jpg,640,426,tug_boat,66,209,178,337
PCC_62.jpg,640,394,PCC,23,44,594,372
PCC_63.jpg,640,427,PCC,23,166,618,342
PCC_63.jpg,640,427,tug_boat,28,257,210,353
PCC_64.jpg,640,293,PCC,40,52,603,260
PCC_65.jpg,640,458,PCC,32,165,612,372
PCC_65.jpg,640,458,tanker,206,150,279,180
PCC_66.jpg,640,441,PCC,101,122,567,345
PCC_67.jpg,640,416,PCC,248,96,388,200
PCC_68.jpg,640,437,PCC,66,150,524,311
PCC_69.jpg,640,436,PCC,80,128,566,285
PCC_70.jpg,640,424,PCC,133,150,546,330
PCC_71.jpg,640,360,PCC,84,27,548,126
PCC_72.jpg,640,359,PCC,104,78,524,230
PCC_72.jpg,640,359,tug_boat,81,200,115,227
PCC_72.jpg,640,359,tug_boat,551,167,640,246
PCC_73.jpg,640,426,PCC,68,47,609,370
PCC_74.jpg,640,426,PCC,169,38,507,369
PCC_75.jpg,640,359,PCC,65,80,557,261
PCC_76.jpg,640,383,PCC,37,43,564,357
PCC_77.jpg,640,226,PCC,29,62,608,196
PCC_78.jpg,640,291,PCC,93,66,547,171
PCC_79.jpg,640,330,PCC,421,35,567,77
PCC_80.jpg,640,289,PCC,107,54,506,190
PCC_81.jpg,640,347,PCC,235,176,377,222
PCC_82.jpg,640,399,PCC,219,106,431,334
PCC_83.jpg,640,360,PCC,49,13,328,331
PCC_83.jpg,640,360,tug_boat,316,231,409,309
PCC_83.jpg,640,360,tug_boat,387,189,621,327
PCC_84.jpg,640,366,tug_boat,33,159,149,267
PCC_84.jpg,640,366,tug_boat,231,185,378,270
PCC_84.jpg,640,366,PCC,138,40,613,263
PCC_85.jpg,640,427,PCC,69,67,498,331
PCC_85.jpg,640,427,tug_boat,26,230,71,291
PCC_85.jpg,640,427,tug_boat,457,208,621,341
PCC_86.jpg,640,640,PCC,93,92,545,620
PCC_86.jpg,640,640,tug_boat,199,391,389,625
PCC_87.jpg,586,640,PCC,89,20,442,137
PCC_88.jpg,640,233,PCC,142,101,503,177
PCC_89.jpg,640,427,PCC,45,128,618,348
PCC_90.jpg,640,434,PCC,149,110,489,345
PCC_91.jpg,640,434,PCC,65,178,496,295
PCC_91.jpg,640,434,boat,504,71,600,319
PCC_92.jpg,640,434,PCC,174,74,476,366
PCC_93.jpg,640,434,PCC,141,110,535,327
PCC_93.jpg,640,434,boat,25,252,61,316
PCC_94.jpg,640,434,PCC,74,142,587,297
PCC_95.jpg,640,434,PCC,25,54,596,349
PCC_95.jpg,640,434,tug_boat,344,208,564,375
PCC_96.jpg,640,434,tug_boat,336,211,469,305
PCC_96.jpg,640,434,tug_boat,366,254,584,362
PCC_96.jpg,640,434,tug_boat,32,236,84,290
PCC_96.jpg,640,434,PCC,84,78,330,351
PCC_97.jpg,640,434,PCC,112,85,532,336
PCC_98.jpg,640,434,PCC,187,72,475,362
PCC_99.jpg,640,434,PCC,60,119,589,348
tanker_100.jpg,640,437,tanker,62,210,169,243
tanker_100.jpg,640,437,tanker,267,224,292,239
tanker_100.jpg,640,437,tanker,409,225,432,240
tanker_100.jpg,640,437,tanker,440,219,486,242
tanker_11.jpg,640,319,tanker,223,30,414,132
tanker_11.jpg,640,319,tug_boat,168,92,213,133
tanker_11.jpg,640,319,tug_boat,407,89,456,134
tanker_11.jpg,640,319,boat,250,130,338,167
tanker_111.jpg,640,319,tug_boat,168,96,213,133
tanker_111.jpg,640,319,boat,253,133,339,172
tanker_111.jpg,640,319,tug_boat,407,90,456,134
tanker_111.jpg,640,319,tanker,224,33,410,129
tanker_112.jpg,640,301,tug_boat,400,115,601,253
tanker_112.jpg,640,301,tanker,118,19,411,236
tanker_113.jpg,640,427,tug_boat,66,250,290,347
tanker_113.jpg,640,427,bulk carrier,159,81,569,154
tanker_114.jpg,640,427,tanker,54,144,563,342
tanker_115.jpg,640,236,boat,276,141,402,181
tanker_115.jpg,640,236,tanker,49,59,592,173
tanker_116.jpg,640,424,boat,83,290,193,313
tanker_116.jpg,640,424,tug_boat,212,290,258,311
tanker_116.jpg,640,424,LNG_ship,310,265,568,314
tanker_117.jpg,640,304,tug_boat,60,160,123,240
tanker_117.jpg,640,304,tanker,116,61,572,242
tanker_118.jpg,640,279,tanker,177,110,504,194
tanker_119.jpg,640,274,tanker,80,104,565,215
tanker_12.jpg,640,301,tug_boat,394,177,612,262
tanker_12.jpg,640,301,tanker,111,26,401,237
tanker_120.jpg,640,379,tug_boat,32,250,150,343
tanker_120.jpg,640,379,tanker,203,196,542,337
tanker_121.jpg,640,293,tug_boat,549,166,623,198
tanker_121.jpg,640,293,tanker,28,116,488,205
tanker_122.jpg,640,361,tug_boat,281,180,414,250
tanker_122.jpg,640,361,tanker,42,106,598,255
tanker_123.jpg,640,256,tanker,58,92,615,210
tanker_124.jpg,640,301,tug_boat,70,136,204,268
tanker_124.jpg,640,301,tanker,226,41,565,265
tanker_125.jpg,640,301,tug_boat,113,170,183,225
tanker_125.jpg,640,301,tanker,244,136,504,228
tanker_126.jpg,640,314,tanker,103,82,355,267
tanker_127.jpg,640,322,tug_boat,60,166,112,239
tanker_127.jpg,640,322,tanker,109,53,498,248
tanker_128.jpg,640,262,tanker,69,117,358,154
tanker_128.jpg,640,262,cruise_ship,393,116,533,151
tanker_13.jpg,640,427,tug_boat,69,243,292,333
tanker_13.jpg,640,427,tanker,171,77,568,155
tanker_130.jpg,640,346,tug_boat,96,226,126,242
tanker_130.jpg,640,346,tanker,214,208,460,247
tanker_131.jpg,640,321,tanker,63,74,560,208
tanker_132.jpg,640,349,tanker,14,101,541,263
tanker_133.jpg,640,346,tanker,65,74,406,264
tanker_133.jpg,640,346,boat,334,238,370,260
tanker_134.jpg,640,480,tanker,37,205,623,331
tanker_135.jpg,640,480,tanker,69,213,599,333
tanker_136.jpg,640,279,tug_boat,39,133,105,185
tanker_136.jpg,640,279,tanker,153,88,571,181
tanker_137.jpg,640,393,tanker,41,38,634,381
tanker_138.jpg,640,332,tug_boat,6,139,60,180
tanker_138.jpg,640,332,tanker,133,116,544,188
tanker_139.jpg,640,328,tug_boat,67,96,128,148
tanker_139.jpg,640,328,boat,389,151,516,190
tanker_139.jpg,640,328,tanker,217,46,562,149
tanker_14.jpg,640,427,tanker,50,143,560,339
tanker_140.jpg,640,480,tanker,98,193,598,299
tanker_141.jpg,640,358,tug_boat,512,176,587,289
tanker_141.jpg,640,358,tanker,18,27,525,281
tanker_142.jpg,640,351,tug_boat,75,158,161,200
tanker_142.jpg,640,351,tug_boat,165,138,230,207
tanker_142.jpg,640,351,tanker,145,36,495,200
tanker_143.jpg,640,480,tanker,89,200,594,348
tanker_144.jpg,640,480,tanker,17,290,637,384
tanker_145.jpg,640,251,tug_boat,48,91,125,184
tanker_145.jpg,640,251,tanker,158,31,610,186
tanker_146.jpg,640,282,tanker,33,63,606,216
tanker_147.jpg,640,316,tanker,190,50,470,267
tanker_148.jpg,640,424,tanker,113,245,507,359
tanker_149.jpg,640,173,tanker,252,67,573,132
tanker_149.jpg,640,173,tug_boat,575,94,626,123
tanker_149.jpg,640,173,boat,26,91,199,130
tanker_15.jpg,640,236,tanker,49,57,592,174
tanker_15.jpg,640,236,boat,278,120,403,186
tanker_150.jpg,640,291,bulk carrier,77,167,168,206
tanker_150.jpg,640,291,tanker,184,152,335,212
tanker_150.jpg,640,291,container_ship,326,125,497,213
tanker_151.jpg,640,440,tanker,62,44,594,366
tanker_153.jpg,640,393,tanker,102,48,640,322
tanker_154.jpg,640,316,tanker,89,67,576,239
tanker_155.jpg,640,324,tanker,50,180,177,238
tanker_155.jpg,640,324,tug_boat,205,214,251,242
tanker_155.jpg,640,324,tanker,277,181,493,243
tanker_155.jpg,640,324,cruise_ship,483,169,593,243
tanker_156.jpg,640,425,tanker,67,32,634,371
tanker_157.jpg,640,261,tanker,78,45,592,214
tanker_158.jpg,640,271,tug_boat,83,174,171,209
tanker_158.jpg,640,271,tanker,217,117,541,211
tanker_159.jpg,640,282,tug_boat,105,185,172,235
tanker_159.jpg,640,282,tanker,275,136,538,246
tanker_16.jpg,640,424,boat,85,280,193,321
tanker_16.jpg,640,424,tug_boat,212,284,256,313
tanker_16.jpg,640,424,tanker,310,263,570,311
tanker_160.jpg,640,299,tug_boat,47,187,133,225
tanker_160.jpg,640,299,boat,301,197,440,233
tanker_160.jpg,640,299,tanker,209,154,586,228
tanker_161.jpg,640,275,tug_boat,156,154,201,184
tanker_161.jpg,640,275,boat,60,122,130,190
tanker_161.jpg,640,275,tanker,200,119,430,194
tanker_161.jpg,640,275,PCC,453,140,617,191
tanker_162.jpg,640,256,tug_boat,8,153,79,184
tanker_162.jpg,640,256,tanker,148,130,599,192
tanker_163.jpg,640,425,tanker,49,25,640,416
tanker_164.jpg,640,244,container_ship,40,50,268,170
tanker_164.jpg,640,244,tanker,312,43,611,156
tanker_165.jpg,640,347,boat,246,276,327,317
tanker_165.jpg,640,347,tanker,33,20,610,312
tanker_166.jpg,640,406,tanker,81,72,536,373
tanker_167.jpg,640,321,tanker,36,109,601,241
tanker_168.jpg,640,392,tanker,77,71,558,315
tanker_168.jpg,640,392,boat,553,273,621,296
tanker_169.jpg,640,391,tug_boat,60,255,115,321
tanker_169.jpg,640,391,tanker,99,62,592,329
tanker_17.jpg,640,304,tanker,113,63,578,241
tanker_17.jpg,640,304,tug_boat,61,158,120,238
tanker_170.jpg,640,306,tanker,15,61,607,239
tanker_171.jpg,640,382,tanker,18,90,604,268
tanker_172.jpg,640,388,tug_boat,83,266,149,308
tanker_172.jpg,640,388,tanker,179,230,451,305
tanker_172.jpg,640,388,tug_boat,433,259,475,281
tanker_173.jpg,640,386,tanker,11,109,545,295
tanker_174.jpg,640,346,tanker,38,196,598,273
tanker_175.jpg,640,408,tug_boat,42,233,121,294
tanker_175.jpg,640,408,tug_boat,133,264,208,312
tanker_175.jpg,640,408,tanker,122,187,589,331
tanker_176.jpg,640,343,tug_boat,41,138,79,157
tanker_176.jpg,640,343,tug_boat,187,144,241,164
tanker_176.jpg,640,343,tug_boat,391,210,567,296
tanker_176.jpg,640,343,tanker,70,89,327,171
tanker_177.jpg,640,360,tug_boat,401,187,426,205
tanker_177.jpg,640,360,tanker,436,173,569,205
tanker_178.jpg,640,424,tanker,46,143,580,238
tanker_179.jpg,640,418,tug_boat,285,281,452,375
tanker_179.jpg,640,418,tanker,61,157,551,368
tanker_18.jpg,640,279,tanker,177,123,503,196
tanker_180.jpg,640,377,tanker,26,24,543,347
tanker_181.jpg,640,407,tanker,32,89,598,340
tanker_182.jpg,640,354,tanker,119,21,525,249
tanker_182.jpg,640,354,tug_boat,521,152,587,247
tanker_183.jpg,640,427,tug_boat,172,284,255,320
tanker_183.jpg,640,427,tanker,40,240,591,318
tanker_184.jpg,640,427,tanker,40,208,610,336
tanker_185.jpg,640,389,tug_boat,22,218,194,340
tanker_185.jpg,640,389,tug_boat,306,163,457,340
tanker_185.jpg,640,389,tanker,201,41,564,345
tanker_186.jpg,640,264,tanker,180,44,492,233
tanker_187.jpg,640,289,tug_boat,192,173,237,226
tanker_187.jpg,640,289,tug_boat,509,186,547,230
tanker_187.jpg,640,289,tanker,263,115,500,227
tanker_188.jpg,640,480,tug_boat,200,355,238,373
tanker_188.jpg,640,480,tug_boat,250,351,278,373
tanker_188.jpg,640,480,tug_boat,389,346,446,374
tanker_188.jpg,640,480,tanker,235,335,499,375
tanker_189.jpg,640,255,tanker,171,49,441,203
tanker_19.jpg,640,274,tanker,79,107,568,221
tanker_190.jpg,640,302,tanker,118,93,589,243
tanker_191.jpg,640,426,tanker,380,305,574,341
tanker_192.jpg,640,433,tanker,137,39,543,380
tanker_193.jpg,640,271,tanker,43,78,564,164
tanker_194.jpg,640,113,tanker,39,17,532,86
tanker_195.jpg,640,251,tanker,65,74,591,192
tanker_196.jpg,640,244,tanker,43,26,323,195
tanker_196.jpg,640,244,tanker,397,41,601,182
tanker_197.jpg,640,213,tanker,270,127,487,195
tanker_198.jpg,640,186,tanker,27,68,617,151
tanker_199.jpg,640,480,boat,486,319,570,347
tanker_199.jpg,640,480,tanker,41,81,578,359
tanker_20.jpg,640,379,tanker,208,197,545,337
tanker_20.jpg,640,379,tug_boat,39,252,154,345
tanker_200.jpg,640,437,tanker,59,209,173,243
tanker_200.jpg,640,437,tanker,262,226,295,245
tanker_200.jpg,640,437,tanker,413,226,434,241
tanker_200.jpg,640,437,tanker,442,218,487,244
tanker_21.jpg,640,293,tug_boat,542,156,613,201
tanker_21.jpg,640,293,tanker,19,113,493,199
tanker_22.jpg,640,361,tanker,41,105,590,255
tanker_22.jpg,640,361,tug_boat,283,178,407,254
tanker_23.jpg,640,256,tanker,53,111,611,207
tanker_24.jpg,640,301,tanker,223,38,565,273
tanker_24.jpg,640,301,tug_boat,70,143,198,273
tanker_25.jpg,640,301,tug_boat,113,169,187,226
tanker_25.jpg,640,301,tanker,247,138,503,229
tanker_26.jpg,640,314,tanker,103,77,366,268
tanker_26.jpg,640,314,boat,430,217,495,283
tanker_26.jpg,640,314,boat,497,215,545,285
tanker_27.jpg,640,322,tanker,103,48,501,252
tanker_27.jpg,640,322,tug_boat,62,168,107,242
tanker_28.jpg,640,262,cruise_ship,395,115,529,152
tanker_28.jpg,640,262,tanker,71,112,356,160
tanker_29.jpg,640,324,tanker,43,92,598,223
tanker_30.jpg,640,346,tug_boat,94,226,126,242
tanker_30.jpg,640,346,tanker,215,206,459,250
tanker_31.jpg,640,321,tanker,64,78,563,214
tanker_32.jpg,640,349,tanker,11,91,542,260
tanker_33.jpg,640,346,tanker,67,63,406,260
tanker_33.jpg,640,346,boat,335,236,373,259
tanker_34.jpg,640,480,tanker,38,204,625,329
tanker_35.jpg,640,480,tanker,68,215,605,336
tanker_36.jpg,640,279,tanker,151,85,572,187
tanker_36.jpg,640,279,tug_boat,40,129,101,184
tanker_37.jpg,640,393,tanker,46,48,637,380
tanker_38.jpg,640,332,tanker,135,117,537,188
tanker_38.jpg,640,332,tug_boat,4,141,63,182
tanker_39.jpg,640,328,tug_boat,66,94,127,153
tanker_39.jpg,640,328,boat,397,145,514,191
tanker_39.jpg,640,328,tanker,219,41,564,148
tanker_40.jpg,640,480,tanker,105,183,593,302
tanker_41.jpg,640,358,tanker,13,37,522,281
tanker_41.jpg,640,358,tug_boat,515,174,582,286
tanker_42.jpg,640,351,tanker,150,37,501,202
tanker_42.jpg,640,351,tug_boat,79,161,161,199
tanker_42.jpg,640,351,tug_boat,165,135,226,209
tanker_43.jpg,640,480,tanker,83,207,604,341
tanker_44.jpg,640,480,tanker,23,289,636,388
tanker_45.jpg,640,251,tanker,155,35,608,182
tanker_45.jpg,640,251,tug_boat,45,97,125,179
tanker_46.jpg,640,282,tanker,39,62,615,224
tanker_47.jpg,640,316,tanker,198,41,470,262
tanker_48.jpg,640,424,tanker,115,238,506,364
tanker_49.jpg,640,173,tanker,253,73,579,133
tanker_49.jpg,640,173,tug_boat,575,93,619,125
tanker_50.jpg,640,291,tanker,75,166,165,204
tanker_50.jpg,640,291,tug_boat,117,172,157,211
tanker_50.jpg,640,291,tanker,180,146,337,213
tanker_50.jpg,640,291,PCC,330,105,504,196
tanker_51.jpg,640,440,tanker,66,127,576,354
tanker_52.jpg,640,306,tanker,146,59,524,239
tanker_52.jpg,640,306,tug_boat,29,155,109,231
tanker_52.jpg,640,306,tug_boat,524,140,616,253
tanker_53.jpg,640,393,tanker,103,42,634,323
tanker_54.jpg,640,316,tanker,91,67,577,241
tanker_55.jpg,640,324,tanker,262,180,488,247
tanker_55.jpg,640,324,tanker,50,186,175,242
tanker_55.jpg,640,324,boat,196,220,247,240
tanker_55.jpg,640,324,cruise_ship,486,172,596,243
tanker_56.jpg,640,425,tanker,66,26,639,374
tanker_57.jpg,640,261,tanker,81,47,594,213
tanker_58.jpg,640,271,tanker,216,107,541,207
tanker_58.jpg,640,271,tug_boat,93,155,176,209
tanker_59.jpg,640,282,tug_boat,105,172,171,236
tanker_59.jpg,640,282,tanker,270,137,545,236
tanker_60.jpg,640,299,tanker,209,148,579,220
tanker_60.jpg,640,299,boat,295,187,438,233
tanker_60.jpg,640,299,boat,48,203,138,227
tanker_61.jpg,640,275,tug_boat,151,156,205,189
tanker_61.jpg,640,275,tanker,200,121,429,191
tanker_61.jpg,640,275,cruise_ship,451,136,615,191
tanker_62.jpg,640,256,tug_boat,9,149,74,193
tanker_62.jpg,640,256,tanker,145,122,601,194
tanker_63.jpg,640,425,tanker,49,22,640,423
tanker_64.jpg,640,244,container_ship,34,37,262,172
tanker_64.jpg,640,244,tanker,322,47,613,156
tanker_65.jpg,640,347,tanker,36,27,613,310
tanker_65.jpg,640,347,boat,237,282,329,314
tanker_66.jpg,640,406,tanker,78,83,529,361
tanker_67.jpg,640,321,tanker,42,115,594,245
tanker_68.jpg,640,392,tanker,75,74,557,312
tanker_68.jpg,640,392,boat,552,276,625,300
tanker_69.jpg,640,391,tanker,102,76,588,323
tanker_69.jpg,640,391,tug_boat,57,250,111,331
tanker_70.jpg,640,306,tanker,14,62,612,234
tanker_71.jpg,640,382,tanker,14,80,603,278
tanker_72.jpg,640,388,tanker,180,225,470,298
tanker_72.jpg,640,388,tanker,351,189,470,251
tanker_72.jpg,640,388,tug_boat,83,263,152,312
tanker_73.jpg,640,386,tanker,14,104,554,293
tanker_74.jpg,640,346,tanker,39,201,602,277
tanker_75.jpg,640,408,tanker,122,187,585,329
tanker_75.jpg,640,408,tug_boat,41,233,119,301
tanker_75.jpg,640,408,tug_boat,124,266,197,310
tanker_76.jpg,640,343,tug_boat,381,212,550,287
tanker_76.jpg,640,343,tanker,74,89,329,166
tanker_76.jpg,640,343,tug_boat,45,140,83,168
tanker_76.jpg,640,343,tug_boat,185,143,239,167
tanker_77.jpg,640,360,tug_boat,399,184,424,210
tanker_77.jpg,640,360,tanker,437,178,571,204
tanker_78.jpg,640,424,tanker,50,139,596,241
tanker_79.jpg,640,418,tanker,68,164,571,374
tanker_79.jpg,640,418,tug_boat,284,285,449,370
tanker_80.jpg,640,377,tanker,28,31,540,343
tanker_81.jpg,640,407,tanker,41,105,601,329
tanker_82.jpg,640,354,tanker,113,23,523,255
tanker_82.jpg,640,354,tug_boat,523,160,586,248
tanker_83.jpg,640,427,tanker,39,239,522,313
tanker_83.jpg,640,427,tug_boat,161,288,251,315
tanker_84.jpg,640,427,tanker,32,206,604,334
tanker_85.jpg,640,389,tanker,198,32,571,340
tanker_85.jpg,640,389,tug_boat,31,224,188,336
tanker_85.jpg,640,389,tug_boat,308,175,450,347
tanker_86.jpg,640,264,tanker,168,53,491,228
tanker_87.jpg,640,289,tanker,262,113,495,226
tanker_87.jpg,640,289,tug_boat,189,181,233,224
tanker_87.jpg,640,289,tug_boat,512,193,550,228
tanker_88.jpg,640,480,tanker,235,331,507,372
tanker_88.jpg,640,480,tug_boat,201,349,232,371
tanker_88.jpg,640,480,tug_boat,246,359,279,372
tanker_88.jpg,640,480,tug_boat,406,354,442,377
tanker_89.jpg,640,255,tanker,162,53,439,195
tanker_90.jpg,640,302,tanker,118,98,585,241
tanker_91.jpg,640,426,tanker,387,297,576,337
tanker_92.jpg,640,433,tanker,133,42,547,380
tanker_93.jpg,640,271,tanker,53,80,572,167
tanker_94.jpg,640,113,tanker,46,21,532,78
tanker_95.jpg,640,251,tanker,83,89,589,192
tanker_96.jpg,640,244,tanker,48,37,323,200
tanker_96.jpg,640,244,tanker,395,51,604,186
tanker_97.jpg,640,213,tanker,275,144,495,190
tanker_98.jpg,640,186,tanker,28,66,618,147
tanker_99.jpg,640,480,tanker,39,100,586,358
tanker_99.jpg,640,480,boat,481,318,572,350
tug_boat_100.jpg,430,640,tug_boat,70,259,358,439
tug_boat_11.jpg,640,360,tug_boat,297,80,387,173
tug_boat_11.jpg,640,360,tug_boat,457,40,617,189
tug_boat_12.jpg,640,426,tug_boat,2,74,201,244
tug_boat_12.jpg,640,426,tug_boat,218,90,497,225
tug_boat_12.jpg,640,426,tug_boat,495,71,634,217
tug_boat_13.jpg,640,427,tug_boat,97,38,573,365
tug_boat_14.jpg,640,471,tug_boat,211,219,565,366
tug_boat_15.jpg,640,640,tug_boat,332,239,470,340
tug_boat_15.jpg,640,640,tug_boat,266,273,306,339
tug_boat_16.jpg,640,480,tug_boat,257,177,373,249
tug_boat_17.jpg,640,426,tug_boat,126,152,399,281
tug_boat_18.jpg,640,424,tug_boat,237,209,401,293
tug_boat_19.jpg,640,640,tug_boat,89,305,179,352
tug_boat_19.jpg,640,640,boat,371,430,474,455
tug_boat_19.jpg,640,640,boat,177,425,236,451
tug_boat_20.jpg,640,426,tug_boat,291,174,362,261
tug_boat_21.jpg,640,480,tug_boat,112,67,617,431
tug_boat_22.jpg,640,427,tug_boat,50,190,136,246
tug_boat_23.jpg,640,427,tug_boat,350,164,499,263
tug_boat_23.jpg,640,427,boat,43,193,326,250
tug_boat_24.jpg,640,480,tug_boat,82,167,604,393
tug_boat_25.jpg,640,523,tug_boat,116,116,549,325
tug_boat_26.jpg,640,427,tug_boat,130,69,485,343
tug_boat_27.jpg,640,425,tug_boat,53,78,582,344
tug_boat_28.jpg,640,480,tug_boat,28,210,284,307
tug_boat_29.jpg,640,427,tug_boat,302,87,604,277
tug_boat_30.jpg,640,426,tug_boat,141,199,339,356
tug_boat_31.jpg,640,350,tug_boat,214,74,528,266
tug_boat_32.jpg,640,427,tug_boat,141,210,470,376
tug_boat_33.jpg,640,480,tug_boat,152,208,562,430
tug_boat_33.jpg,640,480,container_ship,93,27,633,276
tug_boat_34.jpg,640,480,container_ship,313,113,508,285
tug_boat_34.jpg,640,480,tug_boat,119,214,300,306
tug_boat_35.jpg,640,297,tanker,33,80,637,241
tug_boat_35.jpg,640,297,tug_boat,106,162,286,240
tug_boat_35.jpg,640,297,tug_boat,356,164,516,234
tug_boat_36.jpg,640,355,tug_boat,429,102,615,249
tug_boat_36.jpg,640,355,cruise_ship,22,125,182,195
tug_boat_36.jpg,640,355,boat,54,185,276,236
tug_boat_37.jpg,640,426,PCC,350,86,618,313
tug_boat_37.jpg,640,426,tug_boat,48,135,358,372
tug_boat_38.jpg,640,426,tug_boat,150,39,558,378
tug_boat_39.jpg,640,427,boat,94,127,146,159
tug_boat_39.jpg,640,427,tug_boat,103,77,615,331
tug_boat_40.jpg,640,416,tug_boat,497,148,578,188
tug_boat_40.jpg,640,416,tug_boat,68,152,619,319
tug_boat_41.jpg,640,360,tug_boat,224,124,381,216
tug_boat_42.jpg,640,427,tug_boat,80,164,332,363
tug_boat_42.jpg,640,427,tug_boat,448,234,544,345
tug_boat_43.jpg,640,480,tug_boat,92,119,500,437
tug_boat_43.jpg,640,480,bulk carrier,386,67,437,93
tug_boat_43.jpg,640,480,tanker,40,59,191,92
tug_boat_44.jpg,640,427,tug_boat,39,29,566,394
tug_boat_45.jpg,640,480,tug_boat,263,232,601,454
tug_boat_46.jpg,640,343,bulk carrier,52,103,574,249
tug_boat_46.jpg,640,343,tug_boat,75,186,198,246
tug_boat_47.jpg,640,427,tug_boat,103,155,543,349
tug_boat_48.jpg,640,427,tug_boat,50,108,595,348
tug_boat_49.jpg,640,313,tug_boat,26,106,551,280
tug_boat_50.jpg,640,427,tug_boat,81,27,564,384
tug_boat_51.jpg,640,427,tug_boat,90,55,553,379
tug_boat_52.jpg,640,502,tug_boat,107,185,547,470
tug_boat_53.jpg,640,427,tug_boat,86,82,549,389
tug_boat_54.jpg,640,480,tug_boat,85,174,273,421
tug_boat_54.jpg,640,480,tug_boat,410,176,579,413
tug_boat_55.jpg,640,427,tug_boat,82,50,517,379
tug_boat_55.jpg,640,427,boat,16,218,142,252
tug_boat_56.jpg,640,480,tug_boat,76,117,571,401
tug_boat_57.jpg,640,480,tug_boat,68,226,607,437
tug_boat_58.jpg,640,426,tug_boat,492,232,601,315
tug_boat_58.jpg,640,426,LNG_ship,77,245,256,302
tug_boat_59.jpg,640,480,tug_boat,62,206,610,434
tug_boat_60.jpg,640,426,tug_boat,105,231,370,341
tug_boat_60.jpg,640,426,tug_boat,317,206,582,332
tug_boat_61.jpg,640,480,tug_boat,74,139,403,412
tug_boat_62.jpg,640,403,tug_boat,117,94,601,348
tug_boat_63.jpg,640,298,tug_boat,59,142,122,233
tug_boat_63.jpg,640,298,tanker,122,61,602,246
tug_boat_64.jpg,640,442,tug_boat,188,121,491,402
tug_boat_65.jpg,640,398,tanker,41,165,578,350
tug_boat_65.jpg,640,398,tug_boat,316,228,514,349
tug_boat_65.jpg,640,398,tug_boat,517,238,616,334
tug_boat_66.jpg,640,480,tug_boat,82,106,535,422
tug_boat_67.jpg,421,640,tug_boat,66,213,407,557
tug_boat_68.jpg,640,560,tug_boat,126,195,553,533
tug_boat_69.jpg,640,427,tug_boat,61,88,88,122
tug_boat_69.jpg,640,427,tug_boat,25,93,83,170
tug_boat_69.jpg,640,427,tug_boat,126,106,241,222
tug_boat_69.jpg,640,427,tug_boat,144,66,584,393
tug_boat_70.jpg,640,427,container_ship,2,143,144,172
tug_boat_70.jpg,640,427,tug_boat,70,66,542,372
tug_boat_71.jpg,640,480,tug_boat,367,268,615,448
tug_boat_71.jpg,640,480,tug_boat,254,292,366,446
tug_boat_71.jpg,640,480,tug_boat,149,316,248,439
tug_boat_71.jpg,640,480,tug_boat,55,338,140,438
tug_boat_72.jpg,640,480,tug_boat,28,230,590,430
tug_boat_73.jpg,640,480,tug_boat,57,162,596,414
tug_boat_74.jpg,640,480,tug_boat,66,187,519,437
tug_boat_75.jpg,640,480,tug_boat,116,88,483,443
tug_boat_76.jpg,640,480,tug_boat,25,267,590,412
tug_boat_77.jpg,640,413,tug_boat,28,57,253,376
tug_boat_77.jpg,640,413,tug_boat,246,45,529,362
tug_boat_78.jpg,640,480,tug_boat,55,297,332,432
tug_boat_78.jpg,640,480,container_ship,186,31,631,432
tug_boat_79.jpg,640,480,tug_boat,37,167,622,448
tug_boat_80.jpg,640,266,tug_boat,24,135,110,185
tug_boat_80.jpg,640,266,tug_boat,525,116,597,187
tug_boat_80.jpg,640,266,bulk carrier,147,22,527,182
tug_boat_81.jpg,640,301,tanker,111,38,387,242
tug_boat_81.jpg,640,301,tug_boat,397,150,607,262
tug_boat_82.jpg,640,352,tug_boat,111,198,375,304
tug_boat_83.jpg,427,640,tug_boat,94,122,317,316
tug_boat_84.jpg,640,379,tug_boat,78,218,236,300
tug_boat_84.jpg,640,379,bulk carrier,236,94,513,302
tug_boat_85.jpg,640,394,bulk carrier,123,138,446,302
tug_boat_85.jpg,640,394,tug_boat,438,237,507,316
tug_boat_86.jpg,640,425,container_ship,32,116,573,338
tug_boat_86.jpg,640,425,tug_boat,232,269,487,344
tug_boat_87.jpg,640,330,tug_boat,191,130,446,277
tug_boat_88.jpg,640,288,tug_boat,271,138,391,207
tug_boat_89.jpg,640,404,tug_boat,85,199,249,379
tug_boat_90.jpg,640,425,container_ship,52,124,498,279
tug_boat_90.jpg,640,425,tug_boat,244,227,313,269
tug_boat_90.jpg,640,425,tug_boat,522,246,591,273
tug_boat_90.jpg,640,425,boat,280,260,375,292
tug_boat_91.jpg,640,425,boat,61,159,132,333
tug_boat_91.jpg,640,425,tug_boat,158,205,324,297
tug_boat_91.jpg,640,425,bulk carrier,281,44,635,290
tug_boat_92.jpg,640,425,container_ship,40,79,394,346
tug_boat_92.jpg,640,425,tug_boat,388,204,611,350
tug_boat_93.jpg,640,436,LNG_ship,63,193,615,364
tug_boat_93.jpg,640,436,tug_boat,215,333,359,393
tug_boat_94.jpg,640,426,boat,277,27,629,314
tug_boat_94.jpg,640,426,tug_boat,381,181,510,336
tug_boat_95.jpg,640,427,tug_boat,69,68,577,377
tug_boat_96.jpg,640,289,tug_boat,176,182,232,228
tug_boat_96.jpg,640,289,tug_boat,508,194,551,228
tug_boat_96.jpg,640,289,tanker,266,126,495,229
tug_boat_97.jpg,640,272,tug_boat,36,105,171,196
tug_boat_97.jpg,640,272,tug_boat,338,117,488,197
tug_boat_97.jpg,640,272,bulk carrier,577,143,615,183
tug_boat_97.jpg,640,272,PCC,171,81,369,191
tug_boat_97.jpg,640,272,tug_boat,239,122,304,202
tug_boat_98.jpg,640,163,tug_boat,26,96,56,136
tug_boat_98.jpg,640,163,tug_boat,61,89,137,131
tug_boat_98.jpg,640,163,PCC,219,61,618,133
tug_boat_98.jpg,640,163,tug_boat,392,89,445,140
tug_boat_98.jpg,640,163,tug_boat,245,61,303,138
tug_boat_99.jpg,640,333,tug_boat,80,164,132,199
tug_boat_99.jpg,640,333,tug_boat,132,134,176,209
tug_boat_99.jpg,640,333,tug_boat,277,155,316,203
tug_boat_99.jpg,640,333,PCC,226,135,611,193
